htPCR_reevaluate,"test.result.1","test.result.2","test.result.3","conformity"
"P01.W01","y","a","a",FALSE
"P01.W02","a","a","a",TRUE
"P01.W03","n","a","n",FALSE
"P01.W04","a","a","a",TRUE
"P01.W05","a","a","a",TRUE
"P01.W08","a","a","a",TRUE
"P01.W09","a","a","a",TRUE
"P01.W10","n","n","n",TRUE
"P01.W11","a","a","a",TRUE
"P01.W13","a","a","a",TRUE
"P01.W14","a","a","a",TRUE
"P01.W15","y","a","a",FALSE
"P01.W16","y","a","a",FALSE
"P01.W17","a","a","a",TRUE
"P01.W19","y","y","a",FALSE
"P01.W20","a","a","a",TRUE
"P01.W22","a","a","a",TRUE
"P01.W23","a","a","n",FALSE
"P01.W24","a","a","a",TRUE
"P01.W25","a","a","a",TRUE
"P01.W27","a","a","a",TRUE
"P01.W28","a","a","a",TRUE
"P01.W29","a","a","a",TRUE
"P01.W30","a","a","a",TRUE
"P01.W31","y","y","a",FALSE
"P01.W32","y","a","a",FALSE
"P01.W33","a","a","a",TRUE
"P01.W34","a","a","a",TRUE
"P01.W35","a","a","a",TRUE
"P01.W37","a","a","a",TRUE
"P01.W39","y","a","a",FALSE
"P01.W40","a","a","a",TRUE
"P01.W42","a","a","a",TRUE
"P01.W43","a","y","a",FALSE
"P01.W44","a","a","a",TRUE
"P01.W46","a","a","n",FALSE
"P01.W48","y","a","a",FALSE
"P01.W49","a","a","a",TRUE
"P01.W50","a","a","n",FALSE
"P01.W51","y","a","a",FALSE
"P01.W53","a","a","a",TRUE
"P01.W54","a","a","a",TRUE
"P01.W57","a","a","a",TRUE
"P01.W60","a","a","a",TRUE
"P01.W61","a","n","a",FALSE
"P01.W63","a","a","a",TRUE
"P01.W66","a","a","a",TRUE
"P01.W67","a","a","a",TRUE
"P01.W69","a","a","a",TRUE
"P01.W70","a","a","a",TRUE
"P01.W71","a","a","n",FALSE
"P01.W72","y","a","a",FALSE
"P01.W73","a","a","a",TRUE
"P01.W74","a","y","a",FALSE
"P01.W75","a","a","a",TRUE
"P01.W79","y","a","a",FALSE
"P01.W81","a","a","a",TRUE
"P01.W83","y","y","a",FALSE
"P01.W84","n","a","n",FALSE
"P01.W86","y","a","a",FALSE
"P01.W87","y","a","a",FALSE
"P01.W90","a","a","a",TRUE
"P01.W91","a","a","a",TRUE
"P01.W93","a","a","n",FALSE
"P01.W95","y","a","a",FALSE
"P01.W96","a","a","a",TRUE
"P02.W35","a","a","a",TRUE
"P02.W74","y","a","a",FALSE
"P03.W77","a","a","a",TRUE
"P03.W79","y","y","a",FALSE
"P03.W85","a","a","a",TRUE
"P04.W01","a","a","a",TRUE
"P04.W03","a","a","n",FALSE
"P04.W04","a","a","a",TRUE
"P04.W05","y","y","a",FALSE
"P04.W10","a","a","n",FALSE
"P04.W12","a","a","a",TRUE
"P04.W17","n","a","a",FALSE
"P04.W18","a","a","a",TRUE
"P04.W23","a","a","a",TRUE
"P04.W24","y","y","a",FALSE
"P04.W28","a","a","a",TRUE
"P04.W30","a","a","a",TRUE
"P04.W35","a","a","a",TRUE
"P04.W36","a","a","a",TRUE
"P04.W38","a","a","a",TRUE
"P04.W39","y","a","a",FALSE
"P04.W47","a","a","n",FALSE
"P04.W52","y","a","y",FALSE
"P04.W55","y","y","y",TRUE
"P04.W59","a","a","a",TRUE
"P04.W61","a","n","a",FALSE
"P04.W62","a","a","n",FALSE
"P04.W71","a","a","a",TRUE
"P04.W80","a","y","a",FALSE
"P04.W82","y","a","a",FALSE
"P04.W84","n","a","n",FALSE
"P04.W88","a","a","n",FALSE
"P05.W06","a","a","a",TRUE
"P05.W10","a","a","a",TRUE
"P05.W13","y","a","a",FALSE
"P05.W17","a","a","n",FALSE
"P05.W18","a","a","a",TRUE
"P05.W28","a","a","a",TRUE
"P05.W71","a","a","n",FALSE
"P05.W72","y","a","a",FALSE
"P06.W01","a","a","a",TRUE
"P06.W03","a","n","n",FALSE
"P06.W04","n","n","a",FALSE
"P06.W05","y","a","a",FALSE
"P06.W08","a","a","a",TRUE
"P06.W09","y","a","a",FALSE
"P06.W10","n","a","n",FALSE
"P06.W11","a","a","a",TRUE
"P06.W12","n","n","a",FALSE
"P06.W13","a","a","a",TRUE
"P06.W15","y","a","a",FALSE
"P06.W17","a","a","a",TRUE
"P06.W19","a","a","a",TRUE
"P06.W20","a","a","a",TRUE
"P06.W21","a","a","a",TRUE
"P06.W22","a","a","a",TRUE
"P06.W23","a","a","n",FALSE
"P06.W24","a","a","a",TRUE
"P06.W25","a","a","a",TRUE
"P06.W26","n","a","n",FALSE
"P06.W27","a","a","a",TRUE
"P06.W28","a","n","n",FALSE
"P06.W30","n","n","n",TRUE
"P06.W31","y","a","a",FALSE
"P06.W32","a","y","a",FALSE
"P06.W33","a","a","a",TRUE
"P06.W34","a","a","a",TRUE
"P06.W35","a","n","n",FALSE
"P06.W36","a","a","a",TRUE
"P06.W38","n","n","n",TRUE
"P06.W39","a","a","a",TRUE
"P06.W42","a","a","a",TRUE
"P06.W44","a","a","n",FALSE
"P06.W48","a","a","a",TRUE
"P06.W50","n","a","a",FALSE
"P06.W52","y","y","a",FALSE
"P06.W54","a","a","a",TRUE
"P06.W55","y","a","a",FALSE
"P06.W57","a","a","a",TRUE
"P06.W59","a","a","a",TRUE
"P06.W60","a","a","a",TRUE
"P06.W63","a","a","a",TRUE
"P06.W65","a","a","a",TRUE
"P06.W66","a","a","a",TRUE
"P06.W68","a","a","a",TRUE
"P06.W72","y","y","a",FALSE
"P06.W74","a","a","a",TRUE
"P06.W75","a","a","a",TRUE
"P06.W76","a","a","n",FALSE
"P06.W79","a","y","a",FALSE
"P06.W80","a","a","a",TRUE
"P06.W81","a","y","a",FALSE
"P06.W82","a","a","a",TRUE
"P06.W83","y","a","a",FALSE
"P06.W86","a","a","a",TRUE
"P06.W88","a","a","a",TRUE
"P06.W89","a","a","a",TRUE
"P06.W90","y","a","a",FALSE
"P06.W94","a","a","a",TRUE
"P06.W95","a","a","a",TRUE
"P07.W05","y","y","a",FALSE
"P07.W06","a","a","n",FALSE
"P07.W07","a","a","a",TRUE
"P07.W10","a","a","a",TRUE
"P07.W18","a","a","a",TRUE
"P07.W28","a","a","a",TRUE
"P07.W30","a","a","a",TRUE
"P07.W37","a","a","a",TRUE
"P07.W46","a","a","a",TRUE
"P07.W48","y","y","y",TRUE
"P07.W50","a","a","a",TRUE
"P07.W57","y","y","a",FALSE
"P07.W59","y","a","a",FALSE
"P07.W63","a","a","a",TRUE
"P07.W65","y","y","a",FALSE
"P07.W71","a","a","a",TRUE
"P07.W85","a","a","a",TRUE
"P07.W92","a","a","a",TRUE
"P08.W03","a","a","a",TRUE
"P08.W06","a","a","a",TRUE
"P08.W08","a","y","a",FALSE
"P08.W10","a","a","n",FALSE
"P08.W12","a","a","a",TRUE
"P08.W13","y","a","a",FALSE
"P08.W17","a","a","n",FALSE
"P08.W28","a","n","n",FALSE
"P08.W32","y","a","a",FALSE
"P08.W50","a","a","a",TRUE
"P08.W80","y","a","a",FALSE
"P08.W82","y","y","a",FALSE
"P08.W84","n","n","n",TRUE
"P09.W10","a","a","n",FALSE
"P09.W12","n","n","n",TRUE
"P09.W17","a","a","a",TRUE
"P09.W22","y","a","a",FALSE
"P09.W30","a","a","a",TRUE
"P09.W65","y","y","a",FALSE
"P09.W74","y","y","a",FALSE
"P09.W84","a","a","n",FALSE
"P10.W07","y","a","a",FALSE
"P10.W17","a","a","a",TRUE
"P10.W38","a","a","a",TRUE
"P10.W47","a","a","a",TRUE
"P10.W48","y","y","a",FALSE
"P10.W57","y","y","a",FALSE
"P10.W61","a","a","a",TRUE
"P10.W76","a","a","a",TRUE
"P10.W84","a","a","n",FALSE
"P10.W90","y","a","a",FALSE
"P10.W96","a","a","a",TRUE
"P11.W10","a","a","a",TRUE
"P11.W17","a","a","a",TRUE
"P11.W50","a","a","a",TRUE
"P11.W71","a","a","a",TRUE
"P11.W84","n","n","n",TRUE
"P11.W85","a","a","a",TRUE
"P11.W96","a","a","a",TRUE
"P12.W03","a","a","a",TRUE
"P12.W17","a","a","n",FALSE
"P12.W51","a","a","a",TRUE
"P12.W54","y","y","a",FALSE
"P12.W71","a","a","a",TRUE
"P12.W73","y","y","a",FALSE
"P12.W84","a","n","n",FALSE
"P12.W85","a","a","a",TRUE
"P13.W02","a","n","n",FALSE
"P13.W03","a","a","a",TRUE
"P13.W04","a","a","a",TRUE
"P13.W05","y","a","a",FALSE
"P13.W09","a","a","a",TRUE
"P13.W10","n","a","n",FALSE
"P13.W13","y","y","a",FALSE
"P13.W16","y","y","a",FALSE
"P13.W17","a","a","a",TRUE
"P13.W18","a","a","a",TRUE
"P13.W19","y","a","a",FALSE
"P13.W24","y","a","a",FALSE
"P13.W26","a","a","a",TRUE
"P13.W28","a","a","a",TRUE
"P13.W31","y","y","a",FALSE
"P13.W32","y","a","a",FALSE
"P13.W33","a","a","a",TRUE
"P13.W34","y","a","a",FALSE
"P13.W36","y","a","a",FALSE
"P13.W38","a","a","n",FALSE
"P13.W41","a","a","a",TRUE
"P13.W44","a","a","a",TRUE
"P13.W46","a","a","a",TRUE
"P13.W47","n","a","n",FALSE
"P13.W50","a","a","a",TRUE
"P13.W51","y","y","a",FALSE
"P13.W52","y","a","a",FALSE
"P13.W53","a","a","a",TRUE
"P13.W54","a","a","a",TRUE
"P13.W58","n","a","n",FALSE
"P13.W59","a","a","a",TRUE
"P13.W61","a","a","a",TRUE
"P13.W63","a","a","a",TRUE
"P13.W65","a","a","a",TRUE
"P13.W67","y","y","a",FALSE
"P13.W68","a","a","a",TRUE
"P13.W69","a","a","a",TRUE
"P13.W70","a","y","a",FALSE
"P13.W71","a","a","a",TRUE
"P13.W72","y","y","a",FALSE
"P13.W78","a","a","a",TRUE
"P13.W79","y","y","a",FALSE
"P13.W80","a","a","a",TRUE
"P13.W81","y","a","a",FALSE
"P13.W84","a","a","a",TRUE
"P13.W87","a","a","a",TRUE
"P13.W88","a","a","a",TRUE
"P13.W90","y","y","a",FALSE
"P13.W92","a","a","n",FALSE
"P13.W93","y","a","a",FALSE
"P14.W35","a","a","n",FALSE
"P14.W77","a","a","a",TRUE
"P14.W84","n","n","n",TRUE
"P15.W39","a","a","a",TRUE
"P15.W71","a","a","a",TRUE
"P16.W03","a","a","a",TRUE
"P16.W04","a","a","a",TRUE
"P16.W05","a","a","a",TRUE
"P16.W06","a","a","a",TRUE
"P16.W07","y","a","a",FALSE
"P16.W09","a","a","a",TRUE
"P16.W10","n","n","n",TRUE
"P16.W12","a","a","a",TRUE
"P16.W16","y","a","a",FALSE
"P16.W17","n","a","n",FALSE
"P16.W24","y","a","a",FALSE
"P16.W28","a","a","n",FALSE
"P16.W32","y","a","a",FALSE
"P16.W37","a","a","a",TRUE
"P16.W44","a","a","a",TRUE
"P16.W49","y","a","a",FALSE
"P16.W50","a","n","n",FALSE
"P16.W52","y","y","a",FALSE
"P16.W53","y","y","a",FALSE
"P16.W54","y","y","a",FALSE
"P16.W55","y","a","a",FALSE
"P16.W58","a","a","a",TRUE
"P16.W59","a","y","a",FALSE
"P16.W61","a","a","n",FALSE
"P16.W62","a","a","a",TRUE
"P16.W64","a","a","a",TRUE
"P16.W66","y","a","a",FALSE
"P16.W67","a","a","a",TRUE
"P16.W68","y","a","a",FALSE
"P16.W69","a","a","a",TRUE
"P16.W71","a","a","a",TRUE
"P16.W72","y","y","a",FALSE
"P16.W77","a","a","a",TRUE
"P16.W84","n","n","n",TRUE
"P17.W06","a","a","n",FALSE
"P17.W10","a","a","n",FALSE
"P17.W17","a","n","a",FALSE
"P17.W19","y","y","y",TRUE
"P17.W28","a","a","a",TRUE
"P17.W30","a","a","a",TRUE
"P17.W85","a","a","a",TRUE
"P17.W86","y","a","a",FALSE
"P17.W88","a","a","a",TRUE
"P18.W01","y","y","a",FALSE
"P18.W03","a","a","a",TRUE
"P18.W05","y","a","a",FALSE
"P18.W07","a","a","a",TRUE
"P18.W08","a","a","a",TRUE
"P18.W09","a","a","a",TRUE
"P18.W11","a","a","a",TRUE
"P18.W14","a","a","a",TRUE
"P18.W15","y","a","a",FALSE
"P18.W17","a","a","a",TRUE
"P18.W19","a","a","a",TRUE
"P18.W21","a","a","a",TRUE
"P18.W22","a","a","a",TRUE
"P18.W24","y","a","a",FALSE
"P18.W25","a","a","a",TRUE
"P18.W27","a","a","a",TRUE
"P18.W30","y","a","a",FALSE
"P18.W31","a","a","a",TRUE
"P18.W32","y","a","a",FALSE
"P18.W33","a","a","a",TRUE
"P18.W34","a","a","a",TRUE
"P18.W35","a","a","n",FALSE
"P18.W38","n","a","n",FALSE
"P18.W39","a","a","a",TRUE
"P18.W40","a","a","a",TRUE
"P18.W41","a","a","a",TRUE
"P18.W43","a","a","a",TRUE
"P18.W44","a","a","a",TRUE
"P18.W45","a","n","n",FALSE
"P18.W46","a","a","a",TRUE
"P18.W48","a","a","a",TRUE
"P18.W49","a","a","a",TRUE
"P18.W52","a","a","a",TRUE
"P18.W53","a","a","a",TRUE
"P18.W55","y","y","a",FALSE
"P18.W57","a","y","a",FALSE
"P18.W58","a","a","a",TRUE
"P18.W60","a","a","a",TRUE
"P18.W62","n","a","a",FALSE
"P18.W63","a","a","a",TRUE
"P18.W64","a","a","a",TRUE
"P18.W65","a","y","a",FALSE
"P18.W66","a","y","a",FALSE
"P18.W67","a","a","a",TRUE
"P18.W68","a","a","a",TRUE
"P18.W70","a","a","a",TRUE
"P18.W72","y","y","a",FALSE
"P18.W73","y","a","a",FALSE
"P18.W74","y","a","a",FALSE
"P18.W75","a","a","a",TRUE
"P18.W78","a","a","a",TRUE
"P18.W79","y","a","a",FALSE
"P18.W80","y","y","a",FALSE
"P18.W81","y","a","a",FALSE
"P18.W82","a","a","a",TRUE
"P18.W83","y","a","a",FALSE
"P18.W84","n","a","n",FALSE
"P18.W85","a","n","a",FALSE
"P18.W86","a","a","a",TRUE
"P18.W88","a","a","a",TRUE
"P18.W91","a","a","a",TRUE
"P18.W92","a","a","n",FALSE
"P18.W95","y","a","a",FALSE
"P19.W01","y","a","a",FALSE
"P19.W02","y","a","a",FALSE
"P19.W03","a","a","a",TRUE
"P19.W05","y","y","a",FALSE
"P19.W09","y","y","a",FALSE
"P19.W10","a","a","a",TRUE
"P19.W12","a","a","a",TRUE
"P19.W17","a","a","a",TRUE
"P19.W34","a","a","a",TRUE
"P19.W71","a","a","a",TRUE
"P19.W84","n","a","n",FALSE
"P19.W88","a","a","a",TRUE
"P20.W06","a","n","a",FALSE
"P20.W10","a","a","a",TRUE
"P20.W17","a","a","a",TRUE
"P20.W18","a","n","n",FALSE
"P20.W23","a","a","a",TRUE
"P20.W34","y","a","a",FALSE
"P20.W46","a","a","a",TRUE
"P20.W48","y","y","a",FALSE
"P20.W50","a","n","a",FALSE
"P20.W54","y","a","a",FALSE
"P20.W62","a","a","a",TRUE
"P20.W64","a","a","a",TRUE
"P20.W65","y","a","a",FALSE
"P20.W80","y","y","a",FALSE
"P20.W82","y","y","a",FALSE
"P20.W83","y","a","a",FALSE
"P20.W88","a","a","a",TRUE
"P20.W94","a","a","a",TRUE
"P20.W96","y","a","a",FALSE
"P21.W03","a","a","a",TRUE
"P21.W04","a","a","a",TRUE
"P21.W06","a","a","a",TRUE
"P21.W10","a","a","a",TRUE
"P21.W18","a","a","a",TRUE
"P21.W27","a","a","a",TRUE
"P21.W28","a","a","a",TRUE
"P21.W46","a","a","a",TRUE
"P21.W71","a","a","a",TRUE
"P21.W96","y","a","a",FALSE
"P22.W03","a","a","a",TRUE
"P22.W10","a","a","n",FALSE
"P22.W18","a","a","a",TRUE
"P22.W34","a","a","a",TRUE
"P22.W38","a","a","a",TRUE
"P22.W47","a","a","a",TRUE
"P22.W65","y","a","a",FALSE
"P22.W77","a","a","a",TRUE
"P23.W02","a","a","a",TRUE
"P23.W06","a","a","a",TRUE
"P23.W07","y","a","a",FALSE
"P23.W10","a","a","n",FALSE
"P23.W11","y","y","a",FALSE
"P23.W15","y","a","a",FALSE
"P23.W16","a","a","a",TRUE
"P23.W18","a","a","a",TRUE
"P23.W23","a","a","a",TRUE
"P23.W25","a","a","a",TRUE
"P23.W27","a","a","a",TRUE
"P23.W30","a","a","a",TRUE
"P23.W36","a","y","a",FALSE
"P23.W37","a","a","a",TRUE
"P23.W38","a","a","a",TRUE
"P23.W39","y","y","a",FALSE
"P23.W43","a","y","a",FALSE
"P23.W44","a","a","a",TRUE
"P23.W46","a","a","a",TRUE
"P23.W48","y","y","a",FALSE
"P23.W49","a","a","a",TRUE
"P23.W52","y","y","a",FALSE
"P23.W56","y","y","a",FALSE
"P23.W58","a","a","a",TRUE
"P23.W60","y","y","a",FALSE
"P23.W62","a","a","a",TRUE
"P23.W63","y","a","y",FALSE
"P23.W67","y","a","a",FALSE
"P23.W72","y","a","a",FALSE
"P23.W77","a","a","a",TRUE
"P23.W80","y","y","a",FALSE
"P23.W84","n","n","n",TRUE
"P23.W85","a","a","a",TRUE
"P23.W87","a","a","a",TRUE
"P23.W95","y","y","a",FALSE
"P24.W03","a","a","a",TRUE
"P24.W10","a","a","a",TRUE
"P24.W18","a","a","a",TRUE
"P24.W35","a","a","a",TRUE
"P24.W54","a","y","a",FALSE
"P24.W61","a","a","a",TRUE
"P24.W86","y","a","a",FALSE
"P24.W96","a","a","a",TRUE
"P25.W05","y","a","a",FALSE
"P25.W07","a","a","a",TRUE
"P25.W08","y","a","a",FALSE
"P25.W16","y","a","a",FALSE
"P25.W17","y","a","a",FALSE
"P25.W20","a","a","a",TRUE
"P25.W21","a","a","a",TRUE
"P25.W23","a","a","a",TRUE
"P25.W24","y","y","a",FALSE
"P25.W25","a","a","a",TRUE
"P25.W28","a","a","a",TRUE
"P25.W29","a","a","a",TRUE
"P25.W31","y","a","a",FALSE
"P25.W32","y","y","a",FALSE
"P25.W34","y","a","a",FALSE
"P25.W35","y","a","a",FALSE
"P25.W36","y","y","a",FALSE
"P25.W37","y","a","a",FALSE
"P25.W39","y","y","a",FALSE
"P25.W42","y","y","a",FALSE
"P25.W44","y","a","a",FALSE
"P25.W46","a","a","a",TRUE
"P25.W48","y","y","a",FALSE
"P25.W49","y","a","a",FALSE
"P25.W50","a","a","a",TRUE
"P25.W52","a","a","a",TRUE
"P25.W56","y","a","a",FALSE
"P25.W61","a","a","a",TRUE
"P25.W63","a","a","a",TRUE
"P25.W64","a","a","a",TRUE
"P25.W66","y","a","a",FALSE
"P25.W67","y","y","a",FALSE
"P25.W70","y","y","a",FALSE
"P25.W71","a","a","a",TRUE
"P25.W73","y","a","a",FALSE
"P25.W74","y","y","a",FALSE
"P25.W75","y","a","a",FALSE
"P25.W78","a","a","a",TRUE
"P25.W81","y","y","a",FALSE
"P25.W85","a","a","a",TRUE
"P25.W86","y","a","a",FALSE
"P25.W91","y","y","a",FALSE
"P25.W95","a","y","a",FALSE
"P26.W06","a","a","a",TRUE
"P26.W18","a","a","a",TRUE
"P26.W60","y","y","a",FALSE
"P26.W65","y","y","a",FALSE
"P26.W68","y","a","a",FALSE
"P26.W84","n","n","n",TRUE
"P27.W12","n","n","n",TRUE
"P27.W84","a","a","a",TRUE
"P28.W04","a","a","a",TRUE
"P28.W05","y","a","a",FALSE
"P28.W06","a","n","n",FALSE
"P28.W07","a","a","a",TRUE
"P28.W10","a","a","n",FALSE
"P28.W14","a","a","a",TRUE
"P28.W17","a","a","a",TRUE
"P28.W18","a","a","n",FALSE
"P28.W19","y","a","y",FALSE
"P28.W23","a","a","n",FALSE
"P28.W25","y","a","a",FALSE
"P28.W28","a","a","n",FALSE
"P28.W30","a","a","a",TRUE
"P28.W33","y","y","a",FALSE
"P28.W34","a","a","a",TRUE
"P28.W37","a","a","a",TRUE
"P28.W38","a","a","a",TRUE
"P28.W40","y","a","a",FALSE
"P28.W44","y","a","a",FALSE
"P28.W45","a","a","a",TRUE
"P28.W46","a","a","n",FALSE
"P28.W47","a","a","a",TRUE
"P28.W54","y","y","a",FALSE
"P28.W58","y","a","a",FALSE
"P28.W60","y","y","a",FALSE
"P28.W61","a","a","a",TRUE
"P28.W62","a","a","a",TRUE
"P28.W66","y","y","a",FALSE
"P28.W67","a","a","a",TRUE
"P28.W69","a","a","a",TRUE
"P28.W77","a","a","a",TRUE
"P28.W78","a","a","a",TRUE
"P28.W79","y","y","a",FALSE
"P28.W82","a","y","a",FALSE
"P28.W85","a","a","a",TRUE
"P28.W88","a","a","a",TRUE
"P28.W89","y","y","a",FALSE
"P28.W92","a","a","a",TRUE
"P28.W96","a","a","a",TRUE
"P29.W01","y","a","a",FALSE
"P29.W03","a","a","a",TRUE
"P29.W06","a","a","a",TRUE
"P29.W10","a","a","a",TRUE
"P29.W13","y","a","a",FALSE
"P29.W17","a","a","a",TRUE
"P29.W18","a","a","a",TRUE
"P29.W23","a","a","a",TRUE
"P29.W28","a","a","a",TRUE
"P29.W32","y","y","a",FALSE
"P29.W37","a","a","a",TRUE
"P29.W50","n","n","n",TRUE
"P29.W72","y","y","a",FALSE
"P29.W77","a","a","a",TRUE
"P29.W93","a","a","a",TRUE
"P30.W06","n","n","n",TRUE
"P30.W10","n","n","n",TRUE
"P30.W11","a","a","a",TRUE
"P30.W12","n","n","a",FALSE
"P30.W32","a","a","a",TRUE
"P30.W35","n","n","n",TRUE
"P30.W43","a","a","a",TRUE
"P30.W45","n","n","n",TRUE
"P30.W51","n","n","a",FALSE
"P30.W52","n","a","n",FALSE
"P30.W55","a","a","a",TRUE
"P30.W66","a","a","a",TRUE
"P30.W67","n","n","n",TRUE
"P30.W73","a","a","a",TRUE
"P30.W77","n","n","n",TRUE
"P30.W84","n","n","n",TRUE
"P30.W85","n","n","n",TRUE
"P31.W01","y","a","a",FALSE
"P31.W02","y","a","a",FALSE
"P31.W04","a","a","a",TRUE
"P31.W05","y","y","a",FALSE
"P31.W07","y","a","a",FALSE
"P31.W10","a","a","n",FALSE
"P31.W12","a","a","a",TRUE
"P31.W17","a","a","a",TRUE
"P31.W18","a","a","a",TRUE
"P31.W21","y","a","a",FALSE
"P31.W23","a","a","a",TRUE
"P31.W26","a","a","a",TRUE
"P31.W28","a","a","a",TRUE
"P31.W33","y","y","a",FALSE
"P31.W34","a","a","a",TRUE
"P31.W35","a","a","a",TRUE
"P31.W37","a","a","a",TRUE
"P31.W38","a","a","a",TRUE
"P31.W46","a","a","a",TRUE
"P31.W58","a","a","a",TRUE
"P31.W61","a","a","a",TRUE
"P31.W62","a","a","a",TRUE
"P31.W63","y","a","a",FALSE
"P31.W64","a","a","a",TRUE
"P31.W65","a","y","a",FALSE
"P31.W70","y","y","y",TRUE
"P31.W75","a","a","a",TRUE
"P31.W77","a","a","a",TRUE
"P31.W82","a","y","a",FALSE
"P31.W83","y","y","a",FALSE
"P31.W85","a","a","a",TRUE
"P31.W92","a","a","a",TRUE
"P31.W93","a","a","a",TRUE
"P32.W03","a","a","a",TRUE
"P32.W05","a","a","a",TRUE
"P32.W06","a","a","n",FALSE
"P32.W10","a","a","n",FALSE
"P32.W13","y","a","a",FALSE
"P32.W18","a","a","a",TRUE
"P32.W36","a","a","a",TRUE
"P32.W46","a","a","a",TRUE
"P32.W50","a","a","a",TRUE
"P32.W73","y","a","a",FALSE
"P32.W76","a","a","a",TRUE
"P32.W77","a","a","a",TRUE
"P33.W01","y","a","a",FALSE
"P33.W03","a","a","n",FALSE
"P33.W05","a","a","a",TRUE
"P33.W08","a","a","a",TRUE
"P33.W12","a","a","n",FALSE
"P33.W13","y","a","a",FALSE
"P33.W19","y","a","a",FALSE
"P33.W21","y","a","a",FALSE
"P33.W22","y","a","a",FALSE
"P33.W23","a","a","a",TRUE
"P33.W24","y","a","a",FALSE
"P33.W25","a","a","a",TRUE
"P33.W26","a","a","a",TRUE
"P33.W27","a","a","a",TRUE
"P33.W28","a","a","a",TRUE
"P33.W30","a","a","a",TRUE
"P33.W31","y","y","a",FALSE
"P33.W32","y","a","a",FALSE
"P33.W33","y","a","a",FALSE
"P33.W35","a","a","a",TRUE
"P33.W36","a","a","a",TRUE
"P33.W37","a","n","a",FALSE
"P33.W39","y","a","a",FALSE
"P33.W40","a","a","a",TRUE
"P33.W43","y","a","a",FALSE
"P33.W45","y","a","a",FALSE
"P33.W46","a","a","a",TRUE
"P33.W48","y","a","a",FALSE
"P33.W49","a","a","a",TRUE
"P33.W51","y","a","a",FALSE
"P33.W53","y","y","a",FALSE
"P33.W54","y","a","a",FALSE
"P33.W55","y","y","a",FALSE
"P33.W56","y","a","a",FALSE
"P33.W60","y","a","a",FALSE
"P33.W63","a","a","a",TRUE
"P33.W64","a","a","a",TRUE
"P33.W65","y","a","a",FALSE
"P33.W67","a","a","a",TRUE
"P33.W68","a","a","a",TRUE
"P33.W70","y","y","a",FALSE
"P33.W72","y","y","a",FALSE
"P33.W74","y","y","a",FALSE
"P33.W75","y","a","a",FALSE
"P33.W76","y","a","a",FALSE
"P33.W77","a","a","a",TRUE
"P33.W79","y","a","a",FALSE
"P33.W81","y","y","a",FALSE
"P33.W82","y","a","a",FALSE
"P33.W83","y","a","a",FALSE
"P33.W86","y","a","a",FALSE
"P33.W88","a","a","a",TRUE
"P33.W89","y","a","a",FALSE
"P33.W92","y","a","a",FALSE
"P33.W94","y","y","a",FALSE
"P33.W95","y","y","a",FALSE
"P33.W96","a","a","a",TRUE
"P34.W02","a","a","a",TRUE
"P34.W05","y","y","a",FALSE
"P34.W10","a","a","n",FALSE
"P34.W25","a","a","a",TRUE
"P34.W45","a","a","a",TRUE
"P34.W46","a","a","n",FALSE
"P34.W61","a","a","a",TRUE
"P34.W69","y","a","a",FALSE
"P34.W71","a","a","a",TRUE
"P34.W84","n","a","n",FALSE
"P35.W01","a","a","a",TRUE
"P35.W02","a","a","a",TRUE
"P35.W03","a","a","a",TRUE
"P35.W04","a","a","a",TRUE
"P35.W07","y","a","a",FALSE
"P35.W10","a","a","a",TRUE
"P35.W13","y","a","a",FALSE
"P35.W15","a","a","a",TRUE
"P35.W17","a","a","a",TRUE
"P35.W18","a","a","a",TRUE
"P35.W26","a","a","a",TRUE
"P35.W27","y","a","a",FALSE
"P35.W37","a","a","a",TRUE
"P35.W38","a","a","a",TRUE
"P35.W39","a","a","a",TRUE
"P35.W43","y","a","y",FALSE
"P35.W44","a","a","a",TRUE
"P35.W46","a","a","a",TRUE
"P35.W48","y","a","a",FALSE
"P35.W49","y","a","a",FALSE
"P35.W50","a","a","a",TRUE
"P35.W53","y","y","a",FALSE
"P35.W58","a","a","a",TRUE
"P35.W59","y","y","a",FALSE
"P35.W61","a","a","a",TRUE
"P35.W62","a","a","a",TRUE
"P35.W63","a","a","a",TRUE
"P35.W64","a","a","a",TRUE
"P35.W67","a","y","a",FALSE
"P35.W69","a","a","a",TRUE
"P35.W71","a","a","a",TRUE
"P35.W72","y","y","a",FALSE
"P35.W77","a","a","a",TRUE
"P35.W78","a","a","a",TRUE
"P35.W83","y","y","a",FALSE
"P35.W85","a","a","a",TRUE
"P35.W86","a","y","a",FALSE
"P35.W87","a","n","n",FALSE
"P35.W88","a","a","a",TRUE
"P35.W92","a","a","a",TRUE
"P36.W03","a","n","n",FALSE
"P36.W05","y","y","a",FALSE
"P36.W07","a","a","a",TRUE
"P36.W08","a","a","a",TRUE
"P36.W09","y","y","y",TRUE
"P36.W11","y","y","a",FALSE
"P36.W13","y","y","a",FALSE
"P36.W15","a","a","a",TRUE
"P36.W17","y","a","a",FALSE
"P36.W19","y","y","a",FALSE
"P36.W20","y","a","a",FALSE
"P36.W21","a","a","a",TRUE
"P36.W22","a","a","a",TRUE
"P36.W25","a","a","a",TRUE
"P36.W28","a","a","a",TRUE
"P36.W29","y","a","a",FALSE
"P36.W31","y","a","a",FALSE
"P36.W32","y","y","y",TRUE
"P36.W33","y","a","y",FALSE
"P36.W34","a","a","a",TRUE
"P36.W35","a","a","a",TRUE
"P36.W40","a","a","a",TRUE
"P36.W41","y","y","a",FALSE
"P36.W43","a","a","a",TRUE
"P36.W44","a","a","a",TRUE
"P36.W45","y","a","a",FALSE
"P36.W46","a","a","n",FALSE
"P36.W47","a","a","a",TRUE
"P36.W48","y","a","a",FALSE
"P36.W52","y","y","y",TRUE
"P36.W53","y","a","a",FALSE
"P36.W56","a","y","a",FALSE
"P36.W57","a","y","a",FALSE
"P36.W60","a","a","a",TRUE
"P36.W65","y","a","a",FALSE
"P36.W66","y","y","a",FALSE
"P36.W68","y","a","a",FALSE
"P36.W69","y","y","a",FALSE
"P36.W70","y","a","a",FALSE
"P36.W72","y","a","a",FALSE
"P36.W73","y","a","a",FALSE
"P36.W74","y","y","a",FALSE
"P36.W79","y","y","a",FALSE
"P36.W80","a","y","a",FALSE
"P36.W81","y","y","a",FALSE
"P36.W83","y","y","a",FALSE
"P36.W84","n","n","n",TRUE
"P36.W86","a","a","a",TRUE
"P36.W88","a","a","a",TRUE
"P36.W89","y","a","a",FALSE
"P36.W90","y","a","a",FALSE
"P36.W91","a","a","a",TRUE
"P36.W92","a","a","a",TRUE
"P36.W93","a","a","a",TRUE
"P36.W94","y","y","a",FALSE
"P36.W95","a","y","a",FALSE
"P36.W96","y","a","a",FALSE
"P37.W01","a","y","a",FALSE
"P37.W09","a","a","a",TRUE
"P37.W12","n","n","n",TRUE
"P37.W13","y","y","a",FALSE
"P37.W14","a","a","a",TRUE
"P37.W17","a","a","a",TRUE
"P37.W19","a","a","a",TRUE
"P37.W21","a","a","a",TRUE
"P37.W22","a","a","a",TRUE
"P37.W24","a","a","a",TRUE
"P37.W27","a","a","a",TRUE
"P37.W29","a","a","a",TRUE
"P37.W31","a","a","a",TRUE
"P37.W32","y","y","a",FALSE
"P37.W33","y","a","a",FALSE
"P37.W39","a","a","a",TRUE
"P37.W43","a","a","a",TRUE
"P37.W50","a","a","a",TRUE
"P37.W54","a","a","n",FALSE
"P37.W55","y","y","a",FALSE
"P37.W57","a","a","a",TRUE
"P37.W65","y","a","a",FALSE
"P37.W66","a","a","a",TRUE
"P37.W70","a","a","a",TRUE
"P37.W72","y","y","a",FALSE
"P37.W74","y","a","a",FALSE
"P37.W75","a","a","a",TRUE
"P37.W76","a","a","a",TRUE
"P37.W81","a","a","a",TRUE
"P37.W82","a","a","a",TRUE
"P37.W83","y","a","a",FALSE
"P37.W86","a","a","a",TRUE
"P37.W88","a","a","a",TRUE
"P37.W96","a","y","a",FALSE
"P38.W03","n","n","n",TRUE
"P38.W35","a","a","a",TRUE
"P38.W59","y","a","a",FALSE
"P38.W92","a","a","a",TRUE
"P38.W94","a","a","a",TRUE
"P38.W96","a","a","a",TRUE
"P39.W03","a","n","n",FALSE
"P39.W12","n","n","n",TRUE
"P39.W54","a","y","a",FALSE
"P39.W71","a","a","a",TRUE
"P39.W75","y","a","a",FALSE
"P39.W82","a","a","a",TRUE
"P39.W84","a","a","a",TRUE
"P39.W96","y","y","a",FALSE
"P40.W01","a","y","a",FALSE
"P40.W03","a","a","a",TRUE
"P40.W05","y","y","a",FALSE
"P40.W06","a","a","n",FALSE
"P40.W07","a","a","a",TRUE
"P40.W08","a","a","a",TRUE
"P40.W12","a","a","a",TRUE
"P40.W14","a","a","a",TRUE
"P40.W17","a","a","n",FALSE
"P40.W18","a","a","n",FALSE
"P40.W20","a","a","a",TRUE
"P40.W21","a","a","a",TRUE
"P40.W23","a","n","n",FALSE
"P40.W25","a","a","a",TRUE
"P40.W26","a","a","a",TRUE
"P40.W28","a","a","a",TRUE
"P40.W29","y","y","a",FALSE
"P40.W32","y","a","a",FALSE
"P40.W35","a","a","a",TRUE
"P40.W36","y","a","a",FALSE
"P40.W37","a","a","a",TRUE
"P40.W38","a","a","a",TRUE
"P40.W41","y","y","a",FALSE
"P40.W42","a","a","a",TRUE
"P40.W44","a","a","a",TRUE
"P40.W45","a","a","a",TRUE
"P40.W46","a","a","n",FALSE
"P40.W47","a","a","a",TRUE
"P40.W50","a","a","n",FALSE
"P40.W58","y","a","a",FALSE
"P40.W62","a","a","a",TRUE
"P40.W63","a","a","a",TRUE
"P40.W64","a","a","a",TRUE
"P40.W65","a","a","a",TRUE
"P40.W67","a","a","a",TRUE
"P40.W76","a","a","a",TRUE
"P40.W77","a","a","a",TRUE
"P40.W78","a","a","a",TRUE
"P40.W85","a","a","a",TRUE
"P40.W87","y","a","a",FALSE
"P40.W92","y","a","a",FALSE
"P40.W93","a","a","a",TRUE
"P41.W01","y","a","a",FALSE
"P41.W03","a","a","a",TRUE
"P41.W04","a","a","a",TRUE
"P41.W05","a","a","a",TRUE
"P41.W10","n","a","n",FALSE
"P41.W12","a","a","a",TRUE
"P41.W14","a","a","a",TRUE
"P41.W17","a","a","n",FALSE
"P41.W18","a","a","n",FALSE
"P41.W21","y","y","a",FALSE
"P41.W23","a","a","a",TRUE
"P41.W24","y","a","a",FALSE
"P41.W25","a","a","a",TRUE
"P41.W26","a","a","a",TRUE
"P41.W27","a","a","a",TRUE
"P41.W30","a","a","a",TRUE
"P41.W34","y","a","a",FALSE
"P41.W35","a","a","a",TRUE
"P41.W37","a","a","n",FALSE
"P41.W38","a","a","a",TRUE
"P41.W40","y","a","a",FALSE
"P41.W45","a","a","a",TRUE
"P41.W46","a","a","a",TRUE
"P41.W50","a","a","a",TRUE
"P41.W62","a","a","a",TRUE
"P41.W63","a","a","a",TRUE
"P41.W64","a","a","a",TRUE
"P41.W67","a","a","a",TRUE
"P41.W76","a","a","a",TRUE
"P41.W77","a","a","a",TRUE
"P41.W85","a","a","a",TRUE
"P41.W87","a","a","a",TRUE
"P41.W88","a","a","n",FALSE
"P41.W92","y","y","a",FALSE
"P41.W93","a","a","a",TRUE
"P42.W02","a","n","n",FALSE
"P42.W07","n","n","n",TRUE
"P42.W09","a","a","a",TRUE
"P42.W13","y","a","a",FALSE
"P42.W14","n","n","a",FALSE
"P42.W17","a","n","n",FALSE
"P42.W18","a","n","n",FALSE
"P42.W21","a","a","a",TRUE
"P42.W24","a","a","a",TRUE
"P42.W25","a","n","n",FALSE
"P42.W28","n","n","n",TRUE
"P42.W31","a","a","a",TRUE
"P42.W33","a","a","a",TRUE
"P42.W34","y","a","a",FALSE
"P42.W36","a","a","a",TRUE
"P42.W37","a","a","n",FALSE
"P42.W40","a","a","a",TRUE
"P42.W42","a","a","a",TRUE
"P42.W43","a","a","a",TRUE
"P42.W45","n","n","n",TRUE
"P42.W46","a","n","n",FALSE
"P42.W47","n","a","n",FALSE
"P42.W48","a","a","a",TRUE
"P42.W50","a","n","n",FALSE
"P42.W51","a","a","n",FALSE
"P42.W54","a","a","n",FALSE
"P42.W55","y","y","a",FALSE
"P42.W57","a","a","a",TRUE
"P42.W59","a","a","a",TRUE
"P42.W61","a","a","n",FALSE
"P42.W63","a","a","a",TRUE
"P42.W64","a","a","a",TRUE
"P42.W65","a","a","a",TRUE
"P42.W69","a","a","n",FALSE
"P42.W71","n","n","a",FALSE
"P42.W72","y","a","a",FALSE
"P42.W74","a","a","a",TRUE
"P42.W75","a","a","a",TRUE
"P42.W78","n","n","n",TRUE
"P42.W83","a","y","a",FALSE
"P42.W85","n","a","n",FALSE
"P42.W88","n","a","n",FALSE
"P42.W89","a","a","a",TRUE
"P42.W92","a","a","a",TRUE
"P42.W93","a","a","n",FALSE
"P43.W03","a","a","a",TRUE
"P43.W04","a","a","a",TRUE
"P43.W05","y","a","a",FALSE
"P43.W10","a","a","a",TRUE
"P43.W14","a","a","a",TRUE
"P43.W17","a","a","n",FALSE
"P43.W18","a","n","n",FALSE
"P43.W22","y","a","a",FALSE
"P43.W26","a","a","a",TRUE
"P43.W34","y","a","a",FALSE
"P43.W35","a","a","a",TRUE
"P43.W37","a","a","a",TRUE
"P43.W38","a","a","a",TRUE
"P43.W39","y","a","a",FALSE
"P43.W40","a","y","a",FALSE
"P43.W45","a","a","a",TRUE
"P43.W46","a","a","a",TRUE
"P43.W61","a","a","a",TRUE
"P43.W63","y","a","a",FALSE
"P43.W64","a","a","a",TRUE
"P43.W67","a","a","a",TRUE
"P43.W69","a","a","a",TRUE
"P43.W75","a","a","a",TRUE
"P43.W77","a","a","a",TRUE
"P43.W82","a","y","a",FALSE
"P43.W85","a","a","a",TRUE
"P43.W93","a","a","a",TRUE
"P44.W03","a","a","a",TRUE
"P44.W04","a","a","a",TRUE
"P44.W05","a","a","a",TRUE
"P44.W06","a","n","a",FALSE
"P44.W09","y","a","a",FALSE
"P44.W10","n","a","a",FALSE
"P44.W11","y","a","a",FALSE
"P44.W12","a","a","a",TRUE
"P44.W13","a","a","n",FALSE
"P44.W17","a","a","n",FALSE
"P44.W21","y","a","a",FALSE
"P44.W23","a","a","n",FALSE
"P44.W25","a","a","a",TRUE
"P44.W26","a","a","n",FALSE
"P44.W28","a","a","a",TRUE
"P44.W30","a","a","a",TRUE
"P44.W31","y","a","a",FALSE
"P44.W37","a","a","a",TRUE
"P44.W44","y","a","a",FALSE
"P44.W46","a","a","a",TRUE
"P44.W47","a","a","a",TRUE
"P44.W50","a","a","n",FALSE
"P44.W58","y","y","a",FALSE
"P44.W61","a","a","a",TRUE
"P44.W62","a","a","a",TRUE
"P44.W63","a","a","a",TRUE
"P44.W64","a","a","a",TRUE
"P44.W77","a","a","a",TRUE
"P44.W78","a","a","a",TRUE
"P44.W84","n","a","n",FALSE
"P44.W85","a","a","a",TRUE
"P44.W88","a","a","a",TRUE
"P44.W92","a","a","a",TRUE
"P44.W93","a","a","a",TRUE
"P44.W94","a","a","a",TRUE
"P44.W96","a","a","a",TRUE
"P45.W01","a","a","a",TRUE
"P45.W03","a","a","a",TRUE
"P45.W04","a","a","a",TRUE
"P45.W05","a","y","a",FALSE
"P45.W07","a","a","a",TRUE
"P45.W10","a","n","n",FALSE
"P45.W14","a","a","a",TRUE
"P45.W17","n","n","n",TRUE
"P45.W21","a","a","a",TRUE
"P45.W23","a","a","a",TRUE
"P45.W25","a","a","a",TRUE
"P45.W26","a","a","a",TRUE
"P45.W27","y","a","a",FALSE
"P45.W28","a","a","a",TRUE
"P45.W29","y","y","y",TRUE
"P45.W30","a","a","a",TRUE
"P45.W34","a","a","a",TRUE
"P45.W35","a","a","a",TRUE
"P45.W37","a","a","a",TRUE
"P45.W38","a","a","a",TRUE
"P45.W39","y","y","a",FALSE
"P45.W40","y","a","a",FALSE
"P45.W45","a","a","a",TRUE
"P45.W46","a","a","n",FALSE
"P45.W47","a","a","a",TRUE
"P45.W50","n","a","n",FALSE
"P45.W52","y","a","a",FALSE
"P45.W61","a","a","a",TRUE
"P45.W62","a","a","a",TRUE
"P45.W63","a","a","a",TRUE
"P45.W64","a","a","a",TRUE
"P45.W65","a","a","a",TRUE
"P45.W69","a","a","a",TRUE
"P45.W78","a","a","a",TRUE
"P45.W85","a","a","a",TRUE
"P45.W88","a","a","a",TRUE
"P45.W91","y","a","a",FALSE
"P45.W92","y","a","a",FALSE
"P45.W93","a","a","a",TRUE
"P45.W96","y","y","a",FALSE
"P46.W01","y","y","a",FALSE
"P46.W04","a","a","a",TRUE
"P46.W06","a","a","a",TRUE
"P46.W07","y","a","a",FALSE
"P46.W13","y","a","a",FALSE
"P46.W14","a","a","a",TRUE
"P46.W15","a","a","a",TRUE
"P46.W17","n","n","a",FALSE
"P46.W18","a","n","a",FALSE
"P46.W22","y","y","a",FALSE
"P46.W23","a","a","a",TRUE
"P46.W25","a","a","a",TRUE
"P46.W26","a","a","a",TRUE
"P46.W28","a","a","n",FALSE
"P46.W30","a","a","a",TRUE
"P46.W34","a","a","a",TRUE
"P46.W35","a","a","a",TRUE
"P46.W38","a","a","a",TRUE
"P46.W45","a","a","a",TRUE
"P46.W46","a","a","n",FALSE
"P46.W47","a","a","a",TRUE
"P46.W50","a","a","a",TRUE
"P46.W58","y","a","a",FALSE
"P46.W61","a","a","a",TRUE
"P46.W62","a","a","a",TRUE
"P46.W64","a","a","a",TRUE
"P46.W67","a","a","a",TRUE
"P46.W69","y","a","a",FALSE
"P46.W71","a","a","a",TRUE
"P46.W77","a","a","a",TRUE
"P46.W78","a","a","a",TRUE
"P46.W86","a","a","a",TRUE
"P46.W92","a","a","a",TRUE
"P46.W93","a","a","a",TRUE
"P47.W01","a","a","a",TRUE
"P47.W04","a","a","a",TRUE
"P47.W06","a","a","a",TRUE
"P47.W07","a","a","a",TRUE
"P47.W10","a","a","a",TRUE
"P47.W13","a","a","a",TRUE
"P47.W14","a","a","n",FALSE
"P47.W15","a","a","a",TRUE
"P47.W16","a","a","a",TRUE
"P47.W17","y","a","a",FALSE
"P47.W18","a","a","n",FALSE
"P47.W23","a","a","a",TRUE
"P47.W25","a","a","a",TRUE
"P47.W26","a","a","a",TRUE
"P47.W27","a","a","a",TRUE
"P47.W28","a","a","a",TRUE
"P47.W30","a","n","a",FALSE
"P47.W35","a","a","a",TRUE
"P47.W36","a","a","a",TRUE
"P47.W37","a","a","a",TRUE
"P47.W38","a","a","a",TRUE
"P47.W39","a","a","a",TRUE
"P47.W41","y","y","a",FALSE
"P47.W43","y","a","a",FALSE
"P47.W44","a","a","a",TRUE
"P47.W45","y","a","a",FALSE
"P47.W46","a","a","a",TRUE
"P47.W47","a","a","a",TRUE
"P47.W48","a","a","a",TRUE
"P47.W49","y","a","a",FALSE
"P47.W53","y","a","a",FALSE
"P47.W58","a","y","a",FALSE
"P47.W60","y","a","a",FALSE
"P47.W61","a","a","a",TRUE
"P47.W63","a","a","a",TRUE
"P47.W67","a","a","a",TRUE
"P47.W71","a","a","a",TRUE
"P47.W74","y","a","a",FALSE
"P47.W75","a","a","a",TRUE
"P47.W76","a","a","a",TRUE
"P47.W78","a","a","a",TRUE
"P47.W83","y","a","a",FALSE
"P47.W85","a","a","a",TRUE
"P47.W86","a","a","a",TRUE
"P47.W88","a","a","a",TRUE
"P47.W92","y","a","a",FALSE
"P47.W93","a","a","a",TRUE
"P47.W96","y","a","a",FALSE
"P48.W07","a","a","a",TRUE
"P48.W08","a","a","a",TRUE
"P48.W10","a","a","n",FALSE
"P48.W13","a","a","a",TRUE
"P48.W14","a","a","n",FALSE
"P48.W15","a","a","n",FALSE
"P48.W16","a","a","a",TRUE
"P48.W17","a","n","a",FALSE
"P48.W18","a","a","a",TRUE
"P48.W21","y","a","a",FALSE
"P48.W23","a","n","a",FALSE
"P48.W27","a","a","n",FALSE
"P48.W28","a","a","a",TRUE
"P48.W30","a","n","a",FALSE
"P48.W35","a","a","a",TRUE
"P48.W36","a","a","a",TRUE
"P48.W37","a","a","a",TRUE
"P48.W39","a","a","a",TRUE
"P48.W40","a","a","a",TRUE
"P48.W42","y","a","a",FALSE
"P48.W43","y","a","a",FALSE
"P48.W44","a","a","a",TRUE
"P48.W45","a","a","a",TRUE
"P48.W46","a","a","a",TRUE
"P48.W48","a","a","a",TRUE
"P48.W50","a","a","n",FALSE
"P48.W51","y","a","a",FALSE
"P48.W56","a","a","a",TRUE
"P48.W57","y","a","a",FALSE
"P48.W58","a","a","a",TRUE
"P48.W59","a","a","a",TRUE
"P48.W60","a","a","a",TRUE
"P48.W62","a","a","a",TRUE
"P48.W63","a","a","a",TRUE
"P48.W64","y","a","a",FALSE
"P48.W67","a","a","a",TRUE
"P48.W72","a","a","a",TRUE
"P48.W74","a","a","a",TRUE
"P48.W75","n","n","n",TRUE
"P48.W78","a","a","a",TRUE
"P48.W83","a","a","a",TRUE
"P48.W85","a","a","n",FALSE
"P48.W88","y","a","a",FALSE
"P48.W89","y","a","a",FALSE
"P48.W91","y","a","a",FALSE
"P48.W92","a","a","a",TRUE
"P48.W93","a","a","a",TRUE
"P48.W94","y","a","a",FALSE
"P48.W95","a","a","a",TRUE
"P48.W96","a","a","a",TRUE
"P49.W01","y","a","a",FALSE
"P49.W03","a","a","a",TRUE
"P49.W05","y","a","a",FALSE
"P49.W06","a","a","a",TRUE
"P49.W10","a","a","a",TRUE
"P49.W12","a","n","n",FALSE
"P49.W14","a","a","a",TRUE
"P49.W15","y","a","a",FALSE
"P49.W16","a","a","a",TRUE
"P49.W18","a","a","a",TRUE
"P49.W20","y","y","a",FALSE
"P49.W24","y","a","a",FALSE
"P49.W25","a","a","a",TRUE
"P49.W27","y","a","a",FALSE
"P49.W28","a","a","a",TRUE
"P49.W29","y","a","a",FALSE
"P49.W33","y","a","a",FALSE
"P49.W35","a","a","a",TRUE
"P49.W38","a","n","a",FALSE
"P49.W39","a","a","a",TRUE
"P49.W40","a","a","a",TRUE
"P49.W44","a","a","a",TRUE
"P49.W45","y","a","a",FALSE
"P49.W46","a","a","a",TRUE
"P49.W47","a","a","a",TRUE
"P49.W50","a","a","a",TRUE
"P49.W54","a","a","a",TRUE
"P49.W56","a","a","a",TRUE
"P49.W58","a","a","a",TRUE
"P49.W61","a","a","a",TRUE
"P49.W62","a","a","a",TRUE
"P49.W63","y","a","a",FALSE
"P49.W67","a","a","a",TRUE
"P49.W68","a","a","a",TRUE
"P49.W69","y","a","a",FALSE
"P49.W77","a","n","a",FALSE
"P49.W78","a","a","a",TRUE
"P49.W82","y","a","a",FALSE
"P49.W83","y","a","a",FALSE
"P49.W85","a","a","a",TRUE
"P49.W89","a","a","a",TRUE
"P49.W92","a","a","a",TRUE
"P49.W93","a","a","a",TRUE
"P49.W94","a","a","a",TRUE
"P49.W96","y","a","a",FALSE
"P50.W01","y","a","a",FALSE
"P50.W06","a","a","a",TRUE
"P50.W14","a","a","a",TRUE
"P50.W18","a","a","a",TRUE
"P50.W23","a","a","a",TRUE
"P50.W25","a","a","a",TRUE
"P50.W26","a","a","a",TRUE
"P50.W27","a","a","a",TRUE
"P50.W30","a","a","a",TRUE
"P50.W34","y","a","a",FALSE
"P50.W38","y","y","y",TRUE
"P50.W44","y","y","a",FALSE
"P50.W45","y","a","a",FALSE
"P50.W58","a","a","a",TRUE
"P50.W61","a","a","a",TRUE
"P50.W63","a","a","a",TRUE
"P50.W67","a","a","a",TRUE
"P50.W76","a","a","a",TRUE
"P50.W77","a","a","a",TRUE
"P50.W78","a","a","a",TRUE
"P50.W83","y","y","a",FALSE
"P50.W88","a","a","a",TRUE
"P51.W05","y","a","a",FALSE
"P51.W09","a","a","a",TRUE
"P51.W12","n","n","n",TRUE
"P51.W14","a","a","a",TRUE
"P51.W15","y","y","a",FALSE
"P51.W17","a","a","a",TRUE
"P51.W19","y","y","a",FALSE
"P51.W27","a","a","a",TRUE
"P51.W32","y","y","a",FALSE
"P51.W35","a","a","a",TRUE
"P51.W44","y","a","a",FALSE
"P51.W54","y","y","y",TRUE
"P51.W59","a","a","n",FALSE
"P51.W65","a","a","a",TRUE
"P51.W75","y","y","a",FALSE
"P51.W77","a","a","a",TRUE
"P51.W79","a","a","y",FALSE
"P51.W80","y","y","a",FALSE
"P51.W96","y","y","a",FALSE
"P52.W02","a","a","a",TRUE
"P52.W05","a","y","a",FALSE
"P52.W06","a","a","a",TRUE
"P52.W07","a","a","a",TRUE
"P52.W08","a","a","a",TRUE
"P52.W09","y","a","a",FALSE
"P52.W10","a","a","n",FALSE
"P52.W13","y","y","a",FALSE
"P52.W14","a","a","a",TRUE
"P52.W15","y","a","a",FALSE
"P52.W17","a","n","n",FALSE
"P52.W20","a","y","a",FALSE
"P52.W21","y","y","a",FALSE
"P52.W28","a","a","n",FALSE
"P52.W34","y","a","a",FALSE
"P52.W35","a","a","a",TRUE
"P52.W40","a","a","a",TRUE
"P52.W50","n","a","a",FALSE
"P52.W54","a","a","a",TRUE
"P52.W58","a","a","a",TRUE
"P52.W61","a","a","a",TRUE
"P52.W63","y","a","a",FALSE
"P52.W71","a","a","n",FALSE
"P52.W80","y","a","a",FALSE
"P52.W86","a","a","a",TRUE
"P52.W89","y","y","a",FALSE
"P52.W92","y","y","y",FALSE
"P53.W02","a","a","a",TRUE
"P53.W04","a","a","a",TRUE
"P53.W08","a","a","a",TRUE
"P53.W13","a","a","a",TRUE
"P53.W14","a","a","a",TRUE
"P53.W15","a","a","a",TRUE
"P53.W16","a","a","a",TRUE
"P53.W28","a","a","a",TRUE
"P53.W30","a","a","a",TRUE
"P53.W40","y","a","a",FALSE
"P53.W44","y","a","a",FALSE
"P53.W45","a","a","a",TRUE
"P53.W50","a","a","a",TRUE
"P53.W54","y","y","a",FALSE
"P53.W56","a","y","a",FALSE
"P53.W58","y","a","a",FALSE
"P53.W63","a","a","a",TRUE
"P53.W64","a","a","a",TRUE
"P53.W65","y","a","a",FALSE
"P53.W80","y","a","a",FALSE
"P53.W82","y","a","a",FALSE
"P53.W85","a","a","a",TRUE
"P53.W86","a","a","a",TRUE
"P53.W89","a","y","a",FALSE
"P53.W92","a","a","a",TRUE
"P53.W96","a","a","a",TRUE
"P54.W02","a","a","n",FALSE
"P54.W05","a","y","a",FALSE
"P54.W06","a","a","a",TRUE
"P54.W07","a","a","n",FALSE
"P54.W10","a","a","n",FALSE
"P54.W12","a","a","n",FALSE
"P54.W14","a","a","a",TRUE
"P54.W15","a","a","a",TRUE
"P54.W16","y","a","a",FALSE
"P54.W18","a","a","a",TRUE
"P54.W19","a","a","a",TRUE
"P54.W21","a","a","a",TRUE
"P54.W24","y","a","a",FALSE
"P54.W25","a","a","a",TRUE
"P54.W26","a","a","a",TRUE
"P54.W33","y","y","a",FALSE
"P54.W34","a","a","a",TRUE
"P54.W38","a","n","n",FALSE
"P54.W39","y","y","a",FALSE
"P54.W40","y","a","a",FALSE
"P54.W41","a","a","a",TRUE
"P54.W43","a","y","a",FALSE
"P54.W44","a","a","a",TRUE
"P54.W49","a","a","a",TRUE
"P54.W51","a","a","a",TRUE
"P54.W57","y","a","a",FALSE
"P54.W59","a","a","a",TRUE
"P54.W61","a","a","a",TRUE
"P54.W63","a","a","a",TRUE
"P54.W69","a","a","a",TRUE
"P54.W70","a","y","a",FALSE
"P54.W71","a","a","a",TRUE
"P54.W75","y","y","a",FALSE
"P54.W77","a","a","n",FALSE
"P54.W87","a","a","a",TRUE
"P54.W88","a","a","a",TRUE
"P54.W90","y","a","y",FALSE
"P54.W92","a","n","a",FALSE
"P54.W93","a","a","a",TRUE
"P54.W96","a","a","a",TRUE
"P55.W01","a","y","a",FALSE
"P55.W03","y","y","a",FALSE
"P55.W05","y","y","a",FALSE
"P55.W07","a","a","a",TRUE
"P55.W10","a","n","n",FALSE
"P55.W12","a","a","a",TRUE
"P55.W14","a","a","a",TRUE
"P55.W15","y","a","a",FALSE
"P55.W21","a","a","a",TRUE
"P55.W28","a","a","a",TRUE
"P55.W35","a","a","a",TRUE
"P55.W40","y","a","a",FALSE
"P55.W47","a","a","a",TRUE
"P55.W49","y","a","a",FALSE
"P55.W50","a","a","n",FALSE
"P55.W58","a","a","a",TRUE
"P55.W65","a","a","a",TRUE
"P55.W67","a","a","a",TRUE
"P55.W69","y","a","a",FALSE
"P55.W71","a","a","a",TRUE
"P55.W76","a","a","a",TRUE
"P55.W78","a","a","a",TRUE
"P55.W85","a","a","a",TRUE
"P55.W86","y","a","a",FALSE
"P55.W87","y","a","a",FALSE
"P55.W89","y","a","a",FALSE
"P55.W92","a","a","a",TRUE
"P55.W93","a","a","a",TRUE
"P55.W96","a","a","a",TRUE
"P56.W04","a","a","a",TRUE
"P56.W05","y","y","a",FALSE
"P56.W06","a","a","a",TRUE
"P56.W07","a","a","a",TRUE
"P56.W14","a","a","a",TRUE
"P56.W15","y","a","a",FALSE
"P56.W26","a","a","a",TRUE
"P56.W37","a","a","a",TRUE
"P56.W40","a","y","a",FALSE
"P56.W45","a","a","a",TRUE
"P56.W46","a","a","a",TRUE
"P56.W58","a","a","a",TRUE
"P56.W63","a","a","a",TRUE
"P56.W67","a","a","a",TRUE
"P56.W69","y","a","a",FALSE
"P56.W76","a","a","a",TRUE
"P56.W82","y","y","a",FALSE
"P56.W85","a","a","a",TRUE
"P56.W87","a","a","a",TRUE
"P57.W01","y","y","a",FALSE
"P57.W03","y","y","a",FALSE
"P57.W05","a","a","a",TRUE
"P57.W07","a","a","a",TRUE
"P57.W08","a","a","a",TRUE
"P57.W10","a","n","n",FALSE
"P57.W13","y","a","y",FALSE
"P57.W14","a","a","a",TRUE
"P57.W15","a","a","a",TRUE
"P57.W16","y","a","a",FALSE
"P57.W17","a","a","n",FALSE
"P57.W25","a","a","a",TRUE
"P57.W27","a","a","a",TRUE
"P57.W35","a","a","n",FALSE
"P57.W37","a","a","n",FALSE
"P57.W38","a","a","n",FALSE
"P57.W40","a","a","a",TRUE
"P57.W45","a","a","a",TRUE
"P57.W58","y","a","a",FALSE
"P57.W59","y","a","a",FALSE
"P57.W65","y","a","a",FALSE
"P57.W67","a","a","a",TRUE
"P57.W68","a","y","a",FALSE
"P57.W69","a","a","a",TRUE
"P57.W71","a","a","a",TRUE
"P57.W76","a","a","a",TRUE
"P57.W91","y","y","a",FALSE
"P57.W92","a","a","n",FALSE
"P57.W96","a","a","a",TRUE
"P58.W01","y","a","a",FALSE
"P58.W03","a","a","a",TRUE
"P58.W05","y","a","a",FALSE
"P58.W06","a","a","a",TRUE
"P58.W12","a","a","n",FALSE
"P58.W13","a","a","a",TRUE
"P58.W14","a","a","a",TRUE
"P58.W15","y","a","a",FALSE
"P58.W17","y","a","a",FALSE
"P58.W28","a","a","a",TRUE
"P58.W30","a","a","a",TRUE
"P58.W34","y","a","a",FALSE
"P58.W40","y","a","a",FALSE
"P58.W46","a","a","a",TRUE
"P58.W51","y","a","a",FALSE
"P58.W64","a","a","a",TRUE
"P58.W65","y","a","a",FALSE
"P58.W67","a","a","a",TRUE
"P58.W69","a","a","a",TRUE
"P58.W76","a","a","a",TRUE
"P58.W78","a","a","a",TRUE
"P58.W84","n","n","a",FALSE
"P58.W88","a","a","a",TRUE
"P58.W92","y","a","a",FALSE
"P59.W01","a","a","a",TRUE
"P59.W02","a","a","n",FALSE
"P59.W03","a","a","a",TRUE
"P59.W04","n","a","n",FALSE
"P59.W05","y","a","a",FALSE
"P59.W06","a","a","a",TRUE
"P59.W08","y","a","a",FALSE
"P59.W10","a","a","n",FALSE
"P59.W15","a","a","a",TRUE
"P59.W16","a","a","a",TRUE
"P59.W17","a","a","a",TRUE
"P59.W20","y","a","a",FALSE
"P59.W21","a","a","a",TRUE
"P59.W23","a","a","a",TRUE
"P59.W34","a","a","a",TRUE
"P59.W43","y","a","a",FALSE
"P59.W46","a","a","a",TRUE
"P59.W47","a","a","a",TRUE
"P59.W48","y","y","a",FALSE
"P59.W50","a","n","a",FALSE
"P59.W52","a","a","a",TRUE
"P59.W53","y","y","a",FALSE
"P59.W54","a","a","a",TRUE
"P59.W58","a","a","a",TRUE
"P59.W59","y","a","a",FALSE
"P59.W64","a","a","a",TRUE
"P59.W69","a","a","a",TRUE
"P59.W71","a","a","n",FALSE
"P59.W72","y","a","a",FALSE
"P59.W76","a","a","a",TRUE
"P59.W77","a","a","a",TRUE
"P59.W82","y","a","a",FALSE
"P59.W84","n","n","a",FALSE
"P59.W86","a","a","a",TRUE
"P59.W88","a","a","a",TRUE
"P59.W91","y","y","a",FALSE
"P60.W03","y","a","a",FALSE
"P60.W06","a","a","a",TRUE
"P60.W07","a","a","a",TRUE
"P60.W17","a","y","a",FALSE
"P60.W18","a","a","a",TRUE
"P60.W27","a","a","a",TRUE
"P60.W34","y","a","a",FALSE
"P60.W35","a","a","a",TRUE
"P60.W38","a","a","a",TRUE
"P60.W40","a","a","a",TRUE
"P60.W43","y","a","a",FALSE
"P60.W44","y","a","a",FALSE
"P60.W45","a","a","a",TRUE
"P60.W61","a","a","a",TRUE
"P60.W62","a","a","a",TRUE
"P60.W64","a","a","a",TRUE
"P60.W67","a","a","a",TRUE
"P60.W72","y","y","a",FALSE
"P60.W75","y","a","a",FALSE
"P60.W77","a","a","a",TRUE
"P60.W78","y","a","a",FALSE
"P60.W88","a","a","a",TRUE
"P60.W96","a","a","a",TRUE
"P61.W02","a","a","n",FALSE
"P61.W04","a","a","a",TRUE
"P61.W07","a","a","a",TRUE
"P61.W08","a","y","a",FALSE
"P61.W09","a","a","a",TRUE
"P61.W10","a","a","n",FALSE
"P61.W14","a","a","a",TRUE
"P61.W15","a","a","a",TRUE
"P61.W16","a","a","a",TRUE
"P61.W18","a","a","a",TRUE
"P61.W20","a","a","a",TRUE
"P61.W21","a","a","a",TRUE
"P61.W22","a","a","a",TRUE
"P61.W24","a","a","a",TRUE
"P61.W27","a","a","a",TRUE
"P61.W29","a","a","a",TRUE
"P61.W30","a","a","a",TRUE
"P61.W34","a","a","a",TRUE
"P61.W36","a","a","a",TRUE
"P61.W38","a","n","n",FALSE
"P61.W39","y","y","a",FALSE
"P61.W41","a","a","a",TRUE
"P61.W42","y","y","a",FALSE
"P61.W47","a","a","n",FALSE
"P61.W51","a","y","a",FALSE
"P61.W52","a","a","a",TRUE
"P61.W57","y","a","a",FALSE
"P61.W60","a","a","y",FALSE
"P61.W64","a","a","a",TRUE
"P61.W65","a","a","a",TRUE
"P61.W70","y","y","a",FALSE
"P61.W71","a","a","n",FALSE
"P61.W73","a","a","a",TRUE
"P61.W75","y","a","a",FALSE
"P61.W78","a","a","a",TRUE
"P61.W86","y","a","a",FALSE
"P61.W88","a","a","a",TRUE
"P61.W89","a","a","a",TRUE
"P61.W91","a","a","a",TRUE
"P62.W06","a","a","a",TRUE
"P62.W07","a","a","a",TRUE
"P62.W12","a","a","a",TRUE
"P62.W14","a","a","a",TRUE
"P62.W17","y","a","a",FALSE
"P62.W20","y","y","a",FALSE
"P62.W25","a","a","a",TRUE
"P62.W37","a","a","a",TRUE
"P62.W45","a","a","a",TRUE
"P62.W47","a","a","a",TRUE
"P62.W50","a","a","a",TRUE
"P62.W58","a","a","a",TRUE
"P62.W63","a","a","a",TRUE
"P62.W64","y","a","a",FALSE
"P62.W69","a","a","a",TRUE
"P62.W76","a","a","a",TRUE
"P62.W78","y","a","a",FALSE
"P62.W88","a","a","a",TRUE
"P62.W92","a","a","a",TRUE
"P62.W93","a","a","a",TRUE
"P63.W01","a","a","a",TRUE
"P63.W02","a","a","n",FALSE
"P63.W05","y","a","a",FALSE
"P63.W06","a","a","n",FALSE
"P63.W07","a","a","a",TRUE
"P63.W08","y","y","a",FALSE
"P63.W10","a","a","n",FALSE
"P63.W14","a","a","a",TRUE
"P63.W15","a","a","a",TRUE
"P63.W18","a","a","a",TRUE
"P63.W24","a","a","a",TRUE
"P63.W26","a","a","a",TRUE
"P63.W28","a","a","a",TRUE
"P63.W29","a","a","a",TRUE
"P63.W32","y","y","a",FALSE
"P63.W34","a","y","a",FALSE
"P63.W36","a","a","a",TRUE
"P63.W38","a","a","a",TRUE
"P63.W41","y","a","a",FALSE
"P63.W44","y","a","a",FALSE
"P63.W46","a","a","a",TRUE
"P63.W48","a","a","a",TRUE
"P63.W50","a","a","a",TRUE
"P63.W54","a","a","a",TRUE
"P63.W55","y","y","a",FALSE
"P63.W57","y","a","a",FALSE
"P63.W58","n","a","a",FALSE
"P63.W60","a","a","a",TRUE
"P63.W61","a","n","n",FALSE
"P63.W62","a","a","a",TRUE
"P63.W71","n","a","n",FALSE
"P63.W76","n","a","a",FALSE
"P63.W77","a","a","a",TRUE
"P63.W80","y","a","a",FALSE
"P63.W83","y","a","a",FALSE
"P63.W87","a","a","a",TRUE
"P63.W91","y","a","a",FALSE
"P63.W92","a","a","a",TRUE
"P63.W96","y","y","a",FALSE
"P64.W01","y","a","a",FALSE
"P64.W02","a","a","a",TRUE
"P64.W06","a","a","n",FALSE
"P64.W08","a","a","a",TRUE
"P64.W12","a","n","a",FALSE
"P64.W21","y","a","a",FALSE
"P64.W23","a","a","a",TRUE
"P64.W24","y","y","a",FALSE
"P64.W34","a","a","a",TRUE
"P64.W35","a","a","a",TRUE
"P64.W37","a","a","a",TRUE
"P64.W45","a","a","a",TRUE
"P64.W50","a","a","a",TRUE
"P64.W56","a","a","a",TRUE
"P64.W59","a","a","a",TRUE
"P64.W61","a","a","n",FALSE
"P64.W63","a","a","a",TRUE
"P64.W65","a","a","a",TRUE
"P64.W67","a","a","a",TRUE
"P64.W71","a","a","n",FALSE
"P64.W75","y","a","a",FALSE
"P64.W78","y","a","a",FALSE
"P64.W85","a","a","a",TRUE
"P64.W89","y","a","a",FALSE
"P64.W91","y","a","a",FALSE
"P64.W92","a","a","a",TRUE
"P64.W93","a","a","a",TRUE
"P65.W01","y","a","a",FALSE
"P65.W04","a","a","a",TRUE
"P65.W05","y","a","a",FALSE
"P65.W07","a","a","a",TRUE
"P65.W08","a","a","a",TRUE
"P65.W10","a","n","a",FALSE
"P65.W11","y","y","a",FALSE
"P65.W13","y","y","a",FALSE
"P65.W15","y","a","a",FALSE
"P65.W17","a","a","a",TRUE
"P65.W18","a","a","a",TRUE
"P65.W20","y","y","a",FALSE
"P65.W21","y","a","a",FALSE
"P65.W23","a","a","a",TRUE
"P65.W27","y","y","a",FALSE
"P65.W30","a","a","a",TRUE
"P65.W35","a","a","a",TRUE
"P65.W44","y","a","a",FALSE
"P65.W50","n","n","n",TRUE
"P65.W53","y","y","a",FALSE
"P65.W56","y","a","a",FALSE
"P65.W63","y","a","a",FALSE
"P65.W64","a","a","a",TRUE
"P65.W67","a","a","a",TRUE
"P65.W69","a","a","a",TRUE
"P65.W76","y","a","a",FALSE
"P65.W78","a","a","a",TRUE
"P65.W82","y","y","a",FALSE
"P65.W86","a","a","a",TRUE
"P65.W87","a","a","a",TRUE
"P66.W01","a","a","a",TRUE
"P66.W03","a","a","n",FALSE
"P66.W05","a","y","a",FALSE
"P66.W08","n","n","n",TRUE
"P66.W13","a","a","a",TRUE
"P66.W14","a","a","a",TRUE
"P66.W16","a","a","a",TRUE
"P66.W17","n","a","a",FALSE
"P66.W23","n","n","n",TRUE
"P66.W24","a","a","a",TRUE
"P66.W25","a","a","a",TRUE
"P66.W27","a","a","n",FALSE
"P66.W28","n","a","n",FALSE
"P66.W29","a","a","a",TRUE
"P66.W32","a","a","y",FALSE
"P66.W34","a","a","a",TRUE
"P66.W35","a","n","n",FALSE
"P66.W44","a","a","a",TRUE
"P66.W45","a","n","n",FALSE
"P66.W47","a","a","n",FALSE
"P66.W49","a","a","n",FALSE
"P66.W50","a","a","n",FALSE
"P66.W52","n","a","a",FALSE
"P66.W57","a","a","a",TRUE
"P66.W58","a","n","a",FALSE
"P66.W61","n","a","a",FALSE
"P66.W62","n","n","n",TRUE
"P66.W65","a","a","a",TRUE
"P66.W69","n","n","a",FALSE
"P66.W71","a","n","n",FALSE
"P66.W72","a","y","a",FALSE
"P66.W76","a","a","a",TRUE
"P66.W77","n","n","n",TRUE
"P66.W83","a","a","a",TRUE
"P66.W85","n","a","n",FALSE
"P66.W86","a","a","a",TRUE
"P66.W93","a","n","n",FALSE
"P66.W96","n","n","n",TRUE
"P67.W03","a","a","a",TRUE
"P67.W04","a","a","a",TRUE
"P67.W08","y","a","a",FALSE
"P67.W12","y","a","y",FALSE
"P67.W14","y","a","a",FALSE
"P67.W17","a","a","a",TRUE
"P67.W25","a","a","a",TRUE
"P67.W26","y","a","a",FALSE
"P67.W35","a","a","a",TRUE
"P67.W37","a","a","a",TRUE
"P67.W38","y","a","a",FALSE
"P67.W40","a","a","a",TRUE
"P67.W42","y","a","a",FALSE
"P67.W45","a","a","a",TRUE
"P67.W50","a","a","a",TRUE
"P67.W58","y","a","a",FALSE
"P67.W61","a","a","n",FALSE
"P67.W63","a","a","a",TRUE
"P67.W64","a","a","a",TRUE
"P67.W69","a","a","a",TRUE
"P67.W76","y","a","a",FALSE
"P67.W78","a","a","a",TRUE
"P67.W84","n","n","n",TRUE
"P67.W86","y","a","a",FALSE
"P67.W88","a","a","a",TRUE
"P67.W89","a","y","a",FALSE
"P67.W92","a","a","a",TRUE
"P67.W93","a","a","a",TRUE
"P68.W02","a","a","a",TRUE
"P68.W03","a","a","a",TRUE
"P68.W08","y","a","a",FALSE
"P68.W12","a","a","a",TRUE
"P68.W14","a","a","a",TRUE
"P68.W15","a","a","a",TRUE
"P68.W16","a","y","a",FALSE
"P68.W17","a","a","a",TRUE
"P68.W18","a","a","a",TRUE
"P68.W25","a","a","a",TRUE
"P68.W27","y","y","a",FALSE
"P68.W28","a","a","a",TRUE
"P68.W34","y","a","a",FALSE
"P68.W38","a","a","a",TRUE
"P68.W40","a","a","a",TRUE
"P68.W44","a","a","a",TRUE
"P68.W47","a","a","a",TRUE
"P68.W51","y","y","a",FALSE
"P68.W54","y","y","a",FALSE
"P68.W58","y","a","a",FALSE
"P68.W62","a","a","a",TRUE
"P68.W63","a","a","a",TRUE
"P68.W64","a","a","a",TRUE
"P68.W65","a","a","a",TRUE
"P68.W69","a","a","a",TRUE
"P69.W04","a","a","a",TRUE
"P69.W12","a","a","a",TRUE
"P69.W13","y","y","y",TRUE
"P69.W14","a","a","a",TRUE
"P69.W15","y","a","a",FALSE
"P69.W17","a","a","a",TRUE
"P69.W25","a","a","a",TRUE
"P69.W27","a","a","y",FALSE
"P69.W30","a","a","a",TRUE
"P69.W35","a","a","a",TRUE
"P69.W40","a","a","a",TRUE
"P69.W43","y","y","a",FALSE
"P69.W45","a","a","a",TRUE
"P69.W50","a","a","a",TRUE
"P69.W58","a","y","a",FALSE
"P69.W62","a","a","a",TRUE
"P69.W64","a","a","a",TRUE
"P69.W67","a","a","a",TRUE
"P69.W75","y","y","a",FALSE
"P69.W80","y","a","a",FALSE
"P69.W88","a","a","a",TRUE
"P69.W92","y","a","a",FALSE
"P69.W95","y","y","a",FALSE
"P69.W96","y","a","a",FALSE
"P70.W04","a","a","a",TRUE
"P70.W06","a","a","a",TRUE
"P70.W21","y","a","a",FALSE
"P70.W24","y","y","a",FALSE
"P70.W25","a","a","a",TRUE
"P70.W26","a","a","a",TRUE
"P70.W27","a","a","a",TRUE
"P70.W34","a","a","a",TRUE
"P70.W45","a","a","a",TRUE
"P70.W46","a","a","a",TRUE
"P70.W50","a","a","a",TRUE
"P70.W61","a","a","a",TRUE
"P70.W63","a","a","a",TRUE
"P70.W64","a","a","a",TRUE
"P70.W69","y","y","a",FALSE
"P70.W76","y","a","a",FALSE
"P70.W77","a","a","a",TRUE
"P70.W78","a","a","a",TRUE
"P70.W86","a","a","a",TRUE
"P70.W88","a","a","a",TRUE
"P70.W92","a","a","a",TRUE
"P70.W96","y","y","a",FALSE
"P71.W01","a","a","a",TRUE
"P71.W08","a","a","a",TRUE
"P71.W09","y","y","a",FALSE
"P71.W10","a","a","a",TRUE
"P71.W14","a","a","a",TRUE
"P71.W17","y","a","a",FALSE
"P71.W20","a","a","a",TRUE
"P71.W21","y","a","a",FALSE
"P71.W24","a","y","a",FALSE
"P71.W35","a","a","a",TRUE
"P71.W42","y","y","a",FALSE
"P71.W43","a","a","a",TRUE
"P71.W46","a","a","a",TRUE
"P71.W47","a","a","a",TRUE
"P71.W48","y","a","a",FALSE
"P71.W49","a","a","a",TRUE
"P71.W51","a","a","a",TRUE
"P71.W52","a","a","a",TRUE
"P71.W56","a","a","a",TRUE
"P71.W58","y","a","a",FALSE
"P71.W60","y","a","a",FALSE
"P71.W61","a","a","a",TRUE
"P71.W64","a","a","a",TRUE
"P71.W65","a","a","a",TRUE
"P71.W66","a","y","a",FALSE
"P71.W69","a","a","a",TRUE
"P71.W71","n","n","n",TRUE
"P71.W72","a","a","a",TRUE
"P71.W74","a","a","a",TRUE
"P71.W75","a","a","a",TRUE
"P71.W77","a","a","a",TRUE
"P71.W78","a","a","a",TRUE
"P71.W85","a","a","a",TRUE
"P71.W86","y","a","a",FALSE
"P71.W87","a","a","n",FALSE
"P71.W92","y","a","a",FALSE
"P71.W94","a","a","a",TRUE
"P71.W96","a","a","a",TRUE
"P72.W03","a","a","n",FALSE
"P72.W05","y","a","a",FALSE
"P72.W06","a","a","n",FALSE
"P72.W07","a","a","a",TRUE
"P72.W10","a","a","n",FALSE
"P72.W16","a","a","a",TRUE
"P72.W20","a","a","a",TRUE
"P72.W21","a","a","a",TRUE
"P72.W22","y","y","a",FALSE
"P72.W25","a","a","a",TRUE
"P72.W28","a","a","a",TRUE
"P72.W30","a","a","a",TRUE
"P72.W32","a","a","a",TRUE
"P72.W35","a","a","a",TRUE
"P72.W37","a","a","n",FALSE
"P72.W38","a","a","n",FALSE
"P72.W43","a","a","a",TRUE
"P72.W46","a","a","n",FALSE
"P72.W47","a","a","a",TRUE
"P72.W49","a","a","a",TRUE
"P72.W50","a","a","a",TRUE
"P72.W52","y","y","a",FALSE
"P72.W54","a","a","a",TRUE
"P72.W55","y","a","a",FALSE
"P72.W56","a","a","a",TRUE
"P72.W59","y","y","a",FALSE
"P72.W60","a","a","a",TRUE
"P72.W61","a","a","a",TRUE
"P72.W62","a","a","a",TRUE
"P72.W64","a","a","a",TRUE
"P72.W69","a","a","a",TRUE
"P72.W70","y","a","a",FALSE
"P72.W71","a","n","n",FALSE
"P72.W77","a","a","a",TRUE
"P72.W85","n","a","a",FALSE
"P72.W89","y","a","a",FALSE
"P72.W91","y","a","a",FALSE
"P72.W95","y","a","a",FALSE
"P72.W96","y","y","a",FALSE
"P73.W03","a","a","a",TRUE
"P73.W07","a","a","a",TRUE
"P73.W10","a","a","n",FALSE
"P73.W12","n","a","n",FALSE
"P73.W17","y","a","a",FALSE
"P73.W23","a","a","a",TRUE
"P73.W24","a","y","a",FALSE
"P73.W26","a","a","a",TRUE
"P73.W30","a","a","a",TRUE
"P73.W35","a","a","a",TRUE
"P73.W37","a","a","a",TRUE
"P73.W40","y","y","a",FALSE
"P73.W45","y","a","a",FALSE
"P73.W47","a","a","a",TRUE
"P73.W62","a","a","a",TRUE
"P73.W63","y","a","a",FALSE
"P73.W64","a","a","a",TRUE
"P73.W76","a","a","a",TRUE
"P73.W82","a","a","a",TRUE
"P73.W85","y","a","a",FALSE
"P73.W88","a","a","a",TRUE
"P73.W92","a","a","a",TRUE
"P74.W03","a","y","a",FALSE
"P74.W07","y","a","a",FALSE
"P74.W12","a","n","n",FALSE
"P74.W14","a","a","a",TRUE
"P74.W15","a","a","a",TRUE
"P74.W17","a","a","a",TRUE
"P74.W24","y","y","a",FALSE
"P74.W26","a","a","a",TRUE
"P74.W28","a","a","a",TRUE
"P74.W34","y","a","a",FALSE
"P74.W35","y","a","a",FALSE
"P74.W38","a","y","a",FALSE
"P74.W45","a","a","a",TRUE
"P74.W46","a","a","n",FALSE
"P74.W48","y","y","y",TRUE
"P74.W62","a","a","a",TRUE
"P74.W63","y","a","a",FALSE
"P74.W67","a","a","a",TRUE
"P74.W75","y","a","a",FALSE
"P74.W88","a","a","a",TRUE
"P74.W92","a","a","a",TRUE
"P74.W93","a","a","a",TRUE
"P74.W95","y","y","a",FALSE
"P74.W96","a","y","a",FALSE
"P75.W12","a","n","n",FALSE
"P75.W14","a","a","a",TRUE
"P75.W21","y","a","a",FALSE
"P75.W30","a","a","a",TRUE
"P75.W35","a","a","a",TRUE
"P75.W38","a","a","a",TRUE
"P75.W40","y","a","a",FALSE
"P75.W44","y","y","a",FALSE
"P75.W45","y","y","a",FALSE
"P75.W58","a","a","a",TRUE
"P75.W62","a","a","a",TRUE
"P75.W63","a","y","a",FALSE
"P75.W67","a","a","a",TRUE
"P75.W71","a","a","a",TRUE
"P75.W76","y","a","a",FALSE
"P75.W77","a","a","a",TRUE
"P75.W82","a","y","a",FALSE
"P75.W85","a","a","a",TRUE
"P75.W87","a","y","a",FALSE
"P75.W89","y","y","a",FALSE
"P75.W92","y","a","a",FALSE
"P75.W93","a","a","a",TRUE
"P76.W04","a","a","n",FALSE
"P76.W05","a","a","a",TRUE
"P76.W06","n","a","a",FALSE
"P76.W10","n","n","a",FALSE
"P76.W12","a","a","n",FALSE
"P76.W13","a","a","a",TRUE
"P76.W14","a","a","a",TRUE
"P76.W15","a","a","a",TRUE
"P76.W18","a","a","a",TRUE
"P76.W21","a","a","a",TRUE
"P76.W23","a","a","n",FALSE
"P76.W26","a","a","a",TRUE
"P76.W27","a","a","a",TRUE
"P76.W28","n","a","n",FALSE
"P76.W35","a","a","a",TRUE
"P76.W49","a","a","a",TRUE
"P76.W51","a","a","a",TRUE
"P76.W52","y","a","a",FALSE
"P76.W53","a","a","a",TRUE
"P76.W54","a","a","a",TRUE
"P76.W56","a","a","a",TRUE
"P76.W57","y","y","a",FALSE
"P76.W59","y","y","a",FALSE
"P76.W61","a","a","a",TRUE
"P76.W62","a","a","a",TRUE
"P76.W65","a","a","a",TRUE
"P76.W67","a","a","a",TRUE
"P76.W68","a","a","a",TRUE
"P76.W69","a","a","a",TRUE
"P76.W70","a","y","a",FALSE
"P76.W71","a","a","a",TRUE
"P76.W78","a","n","a",FALSE
"P76.W82","y","y","a",FALSE
"P76.W84","n","a","n",FALSE
"P76.W86","a","a","a",TRUE
"P76.W92","a","a","a",TRUE
"P76.W95","y","y","a",FALSE
"P76.W96","y","y","a",FALSE
"P77.W01","a","y","a",FALSE
"P77.W02","a","a","a",TRUE
"P77.W03","a","n","n",FALSE
"P77.W04","a","a","n",FALSE
"P77.W06","a","a","n",FALSE
"P77.W07","a","a","a",TRUE
"P77.W09","a","a","a",TRUE
"P77.W10","a","n","a",FALSE
"P77.W11","y","y","a",FALSE
"P77.W12","a","n","a",FALSE
"P77.W15","a","a","a",TRUE
"P77.W18","n","a","a",FALSE
"P77.W20","y","a","a",FALSE
"P77.W21","y","a","a",FALSE
"P77.W22","y","a","a",FALSE
"P77.W23","a","a","n",FALSE
"P77.W24","a","a","a",TRUE
"P77.W25","a","a","a",TRUE
"P77.W26","a","a","a",TRUE
"P77.W27","a","a","a",TRUE
"P77.W29","a","a","a",TRUE
"P77.W32","a","a","a",TRUE
"P77.W34","a","a","a",TRUE
"P77.W50","a","a","a",TRUE
"P77.W51","y","y","a",FALSE
"P77.W52","y","a","a",FALSE
"P77.W53","a","a","a",TRUE
"P77.W54","y","a","a",FALSE
"P77.W56","a","a","a",TRUE
"P77.W57","y","a","a",FALSE
"P77.W59","a","n","a",FALSE
"P77.W62","a","a","n",FALSE
"P77.W63","a","a","a",TRUE
"P77.W64","a","a","a",TRUE
"P77.W65","y","y","a",FALSE
"P77.W68","a","a","a",TRUE
"P77.W69","a","a","a",TRUE
"P77.W71","a","a","n",FALSE
"P77.W72","y","y","a",FALSE
"P77.W81","a","y","a",FALSE
"P77.W82","a","a","a",TRUE
"P77.W85","a","a","a",TRUE
"P77.W86","y","a","a",FALSE
"P77.W89","y","y","a",FALSE
"P77.W96","a","a","a",TRUE
"P78.W02","y","a","a",FALSE
"P78.W03","a","a","a",TRUE
"P78.W04","a","a","n",FALSE
"P78.W05","a","a","a",TRUE
"P78.W06","a","a","a",TRUE
"P78.W10","a","a","n",FALSE
"P78.W12","a","a","a",TRUE
"P78.W14","a","a","a",TRUE
"P78.W15","a","a","a",TRUE
"P78.W17","a","n","n",FALSE
"P78.W18","a","a","a",TRUE
"P78.W21","a","a","a",TRUE
"P78.W22","y","a","a",FALSE
"P78.W27","a","y","a",FALSE
"P78.W28","a","a","n",FALSE
"P78.W29","y","a","a",FALSE
"P78.W38","a","a","a",TRUE
"P78.W39","y","y","a",FALSE
"P78.W40","a","a","a",TRUE
"P78.W42","a","a","a",TRUE
"P78.W47","a","a","a",TRUE
"P78.W50","a","a","a",TRUE
"P78.W51","a","a","a",TRUE
"P78.W52","y","a","a",FALSE
"P78.W58","a","a","a",TRUE
"P78.W59","a","a","n",FALSE
"P78.W62","a","a","a",TRUE
"P78.W65","y","a","a",FALSE
"P78.W71","a","a","n",FALSE
"P78.W72","y","y","a",FALSE
"P78.W75","a","a","a",TRUE
"P78.W77","a","a","n",FALSE
"P78.W79","y","a","a",FALSE
"P78.W82","a","y","a",FALSE
"P78.W85","a","a","a",TRUE
"P78.W86","y","a","a",FALSE
"P78.W91","y","y","a",FALSE
"P78.W92","a","a","a",TRUE
"P78.W94","y","a","a",FALSE
"P78.W96","y","a","a",FALSE
"P79.W05","y","y","a",FALSE
"P79.W07","a","a","a",TRUE
"P79.W09","y","a","a",FALSE
"P79.W10","a","a","a",TRUE
"P79.W14","a","a","a",TRUE
"P79.W17","a","a","n",FALSE
"P79.W18","a","a","a",TRUE
"P79.W38","a","a","a",TRUE
"P79.W40","a","a","a",TRUE
"P79.W41","y","y","a",FALSE
"P79.W42","y","a","a",FALSE
"P79.W45","a","a","a",TRUE
"P79.W50","a","a","a",TRUE
"P79.W54","y","y","a",FALSE
"P79.W61","a","a","a",TRUE
"P79.W68","a","a","a",TRUE
"P79.W69","a","a","a",TRUE
"P79.W71","a","a","a",TRUE
"P79.W76","a","a","a",TRUE
"P79.W77","a","a","a",TRUE
"P79.W78","a","a","a",TRUE
"P79.W88","a","a","a",TRUE
"P79.W93","a","a","a",TRUE
"P80.W03","y","a","a",FALSE
"P80.W05","y","a","a",FALSE
"P80.W07","y","a","a",FALSE
"P80.W08","y","a","a",FALSE
"P80.W14","a","a","a",TRUE
"P80.W17","a","a","n",FALSE
"P80.W20","y","y","a",FALSE
"P80.W23","a","a","a",TRUE
"P80.W27","a","y","a",FALSE
"P80.W34","y","a","a",FALSE
"P80.W35","a","a","a",TRUE
"P80.W38","a","a","a",TRUE
"P80.W40","a","y","a",FALSE
"P80.W44","a","y","a",FALSE
"P80.W45","a","a","a",TRUE
"P80.W50","a","a","a",TRUE
"P80.W58","a","a","a",TRUE
"P80.W62","a","a","a",TRUE
"P80.W63","a","a","a",TRUE
"P80.W64","a","a","a",TRUE
"P80.W69","a","y","a",FALSE
"P80.W76","a","a","a",TRUE
"P80.W82","y","y","a",FALSE
"P80.W88","a","a","a",TRUE
"P80.W92","y","a","a",FALSE
"P80.W93","a","a","a",TRUE
"P81.W07","y","a","a",FALSE
"P81.W14","y","a","a",FALSE
"P81.W23","y","a","a",FALSE
"P81.W25","a","a","a",TRUE
"P81.W27","a","a","a",TRUE
"P81.W34","y","y","a",FALSE
"P81.W44","y","a","a",FALSE
"P81.W45","a","a","a",TRUE
"P81.W47","a","a","a",TRUE
"P81.W64","a","a","a",TRUE
"P81.W67","a","a","a",TRUE
"P81.W69","a","y","a",FALSE
"P81.W71","a","a","n",FALSE
"P81.W76","a","a","a",TRUE
"P81.W78","a","a","a",TRUE
"P81.W84","n","a","n",FALSE
"P81.W86","y","a","a",FALSE
"P81.W88","a","a","a",TRUE
"P81.W92","y","y","a",FALSE
"P82.W03","y","a","a",FALSE
"P82.W07","a","a","a",TRUE
"P82.W14","a","a","a",TRUE
"P82.W16","a","y","a",FALSE
"P82.W17","a","a","a",TRUE
"P82.W25","a","a","a",TRUE
"P82.W35","a","a","a",TRUE
"P82.W38","a","a","a",TRUE
"P82.W40","a","a","a",TRUE
"P82.W46","a","a","a",TRUE
"P82.W47","a","a","a",TRUE
"P82.W50","a","a","a",TRUE
"P82.W62","a","a","a",TRUE
"P82.W64","a","a","a",TRUE
"P82.W67","y","a","a",FALSE
"P82.W76","a","a","a",TRUE
"P82.W77","a","a","a",TRUE
"P82.W86","y","a","a",FALSE
"P82.W92","a","a","a",TRUE
"P82.W93","a","a","a",TRUE
"P82.W96","a","a","a",TRUE
"P83.W01","a","a","a",TRUE
"P83.W02","a","a","a",TRUE
"P83.W07","a","a","a",TRUE
"P83.W08","a","a","a",TRUE
"P83.W10","a","a","a",TRUE
"P83.W12","n","a","n",FALSE
"P83.W17","a","a","a",TRUE
"P83.W20","y","y","a",FALSE
"P83.W35","a","a","a",TRUE
"P83.W40","y","a","a",FALSE
"P83.W43","a","a","a",TRUE
"P83.W49","y","a","a",FALSE
"P83.W51","a","a","a",TRUE
"P83.W52","a","a","a",TRUE
"P83.W53","a","y","a",FALSE
"P83.W56","a","a","a",TRUE
"P83.W58","a","a","a",TRUE
"P83.W60","y","a","a",FALSE
"P83.W61","a","a","n",FALSE
"P83.W62","a","a","a",TRUE
"P83.W63","a","a","a",TRUE
"P83.W64","a","y","a",FALSE
"P83.W66","y","y","a",FALSE
"P83.W67","y","y","a",FALSE
"P83.W71","a","a","n",FALSE
"P83.W75","y","a","a",FALSE
"P83.W84","a","n","n",FALSE
"P83.W86","y","a","a",FALSE
"P83.W88","a","a","a",TRUE
"P83.W92","a","a","a",TRUE
"P83.W96","y","a","a",FALSE
"P84.W01","a","a","a",TRUE
"P84.W08","y","a","a",FALSE
"P84.W13","a","a","a",TRUE
"P84.W15","a","a","a",TRUE
"P84.W16","a","y","a",FALSE
"P84.W17","a","a","a",TRUE
"P84.W21","y","a","a",FALSE
"P84.W24","y","a","a",FALSE
"P84.W25","a","a","a",TRUE
"P84.W30","a","a","a",TRUE
"P84.W34","a","a","a",TRUE
"P84.W35","a","n","a",FALSE
"P84.W36","y","a","a",FALSE
"P84.W39","a","a","a",TRUE
"P84.W40","a","a","a",TRUE
"P84.W43","a","a","a",TRUE
"P84.W44","y","a","a",FALSE
"P84.W45","y","a","a",FALSE
"P84.W47","a","a","a",TRUE
"P84.W48","y","y","a",FALSE
"P84.W49","a","a","a",TRUE
"P84.W57","y","a","a",FALSE
"P84.W58","a","a","a",TRUE
"P84.W61","a","a","a",TRUE
"P84.W63","a","a","a",TRUE
"P84.W65","a","a","a",TRUE
"P84.W67","y","a","a",FALSE
"P84.W68","a","y","a",FALSE
"P84.W71","a","n","a",FALSE
"P84.W76","a","a","a",TRUE
"P84.W78","a","a","a",TRUE
"P84.W81","y","y","a",FALSE
"P84.W84","n","n","n",TRUE
"P84.W92","y","a","a",FALSE
"P84.W96","y","a","a",FALSE
"P85.W02","a","y","a",FALSE
"P85.W03","a","a","a",TRUE
"P85.W06","a","a","a",TRUE
"P85.W07","y","a","a",FALSE
"P85.W12","a","n","a",FALSE
"P85.W14","a","a","a",TRUE
"P85.W18","a","a","a",TRUE
"P85.W22","y","a","a",FALSE
"P85.W30","a","a","a",TRUE
"P85.W41","y","y","a",FALSE
"P85.W45","y","a","a",FALSE
"P85.W47","a","a","a",TRUE
"P85.W50","y","a","a",FALSE
"P85.W51","y","y","a",FALSE
"P85.W58","a","a","a",TRUE
"P85.W62","a","a","a",TRUE
"P85.W64","a","a","a",TRUE
"P85.W69","y","y","a",FALSE
"P85.W71","a","a","a",TRUE
"P85.W78","y","y","a",FALSE
"P85.W88","a","a","a",TRUE
"P85.W89","y","y","a",FALSE
"P85.W92","a","a","a",TRUE
"P86.W04","a","a","a",TRUE
"P86.W14","a","a","a",TRUE
"P86.W15","y","a","a",FALSE
"P86.W17","a","a","a",TRUE
"P86.W18","a","a","a",TRUE
"P86.W27","y","y","a",FALSE
"P86.W28","a","a","a",TRUE
"P86.W30","a","a","a",TRUE
"P86.W45","a","a","a",TRUE
"P86.W46","a","a","a",TRUE
"P86.W47","a","a","a",TRUE
"P86.W50","a","a","a",TRUE
"P86.W61","a","a","a",TRUE
"P86.W63","a","a","a",TRUE
"P86.W76","a","y","a",FALSE
"P86.W85","y","a","a",FALSE
"P86.W86","a","a","a",TRUE
"P87.W03","a","a","a",TRUE
"P87.W04","a","a","a",TRUE
"P87.W12","a","a","a",TRUE
"P87.W18","a","a","a",TRUE
"P87.W21","y","a","a",FALSE
"P87.W23","a","a","a",TRUE
"P87.W25","a","a","a",TRUE
"P87.W28","a","a","a",TRUE
"P87.W35","y","a","a",FALSE
"P87.W38","a","a","a",TRUE
"P87.W41","y","a","a",FALSE
"P87.W47","a","a","a",TRUE
"P87.W50","a","a","a",TRUE
"P87.W54","y","a","a",FALSE
"P87.W61","a","a","a",TRUE
"P87.W62","a","a","a",TRUE
"P87.W63","a","y","a",FALSE
"P87.W64","a","a","a",TRUE
"P87.W69","a","a","a",TRUE
"P87.W76","a","a","a",TRUE
"P87.W82","a","a","a",TRUE
"P87.W84","a","a","a",TRUE
"P87.W88","a","a","a",TRUE
"P87.W89","y","a","a",FALSE
"P87.W92","a","a","a",TRUE
"P87.W93","a","y","a",FALSE
"P88.W01","a","a","a",TRUE
"P88.W02","n","n","n",TRUE
"P88.W03","a","a","n",FALSE
"P88.W06","n","n","n",TRUE
"P88.W07","n","n","a",FALSE
"P88.W10","n","n","n",TRUE
"P88.W11","a","a","a",TRUE
"P88.W13","y","a","a",FALSE
"P88.W17","a","a","a",TRUE
"P88.W18","a","n","a",FALSE
"P88.W19","y","a","a",FALSE
"P88.W21","y","y","a",FALSE
"P88.W23","a","a","n",FALSE
"P88.W25","n","a","a",FALSE
"P88.W26","n","n","a",FALSE
"P88.W28","a","a","a",TRUE
"P88.W29","y","a","a",FALSE
"P88.W31","a","a","a",TRUE
"P88.W32","y","a","a",FALSE
"P88.W34","a","a","a",TRUE
"P88.W36","a","a","a",TRUE
"P88.W37","a","a","a",TRUE
"P88.W38","a","n","n",FALSE
"P88.W39","y","a","a",FALSE
"P88.W40","a","a","a",TRUE
"P88.W41","a","a","a",TRUE
"P88.W42","y","a","a",FALSE
"P88.W45","a","a","a",TRUE
"P88.W46","n","n","n",TRUE
"P88.W48","y","a","a",FALSE
"P88.W50","n","n","n",TRUE
"P88.W52","a","a","a",TRUE
"P88.W53","a","a","a",TRUE
"P88.W55","y","y","a",FALSE
"P88.W57","a","a","a",TRUE
"P88.W61","a","n","n",FALSE
"P88.W62","a","a","n",FALSE
"P88.W65","a","a","a",TRUE
"P88.W70","y","a","a",FALSE
"P88.W71","a","a","n",FALSE
"P88.W72","y","y","a",FALSE
"P88.W73","a","a","a",TRUE
"P88.W75","a","a","a",TRUE
"P88.W77","a","a","a",TRUE
"P88.W78","a","n","n",FALSE
"P88.W79","a","a","a",TRUE
"P88.W81","a","a","a",TRUE
"P88.W82","a","a","a",TRUE
"P88.W83","y","a","a",FALSE
"P88.W85","a","a","n",FALSE
"P88.W86","a","a","a",TRUE
"P88.W88","a","a","a",TRUE
"P88.W90","y","a","a",FALSE
"P88.W91","a","a","a",TRUE
"P88.W93","n","a","n",FALSE
"P88.W95","y","a","a",FALSE
"P88.W96","a","n","n",FALSE
"P89.W02","a","n","n",FALSE
"P89.W03","a","a","a",TRUE
"P89.W05","a","y","a",FALSE
"P89.W09","a","a","a",TRUE
"P89.W11","a","a","a",TRUE
"P89.W12","n","n","n",TRUE
"P89.W13","a","a","a",TRUE
"P89.W17","a","a","a",TRUE
"P89.W18","n","n","n",TRUE
"P89.W19","a","a","a",TRUE
"P89.W21","a","a","a",TRUE
"P89.W22","a","a","a",TRUE
"P89.W23","n","n","n",TRUE
"P89.W26","n","n","n",TRUE
"P89.W28","a","a","a",TRUE
"P89.W30","a","a","n",FALSE
"P89.W32","a","a","a",TRUE
"P89.W34","a","a","a",TRUE
"P89.W35","n","n","n",TRUE
"P89.W37","a","a","a",TRUE
"P89.W38","a","n","n",FALSE
"P89.W44","a","a","a",TRUE
"P89.W46","n","n","a",FALSE
"P89.W48","a","y","a",FALSE
"P89.W52","a","a","a",TRUE
"P89.W55","a","y","a",FALSE
"P89.W56","a","a","a",TRUE
"P89.W58","a","n","a",FALSE
"P89.W62","a","a","a",TRUE
"P89.W65","a","a","a",TRUE
"P89.W67","a","n","a",FALSE
"P89.W69","a","a","n",FALSE
"P89.W71","a","n","n",FALSE
"P89.W72","y","y","a",FALSE
"P89.W73","a","a","a",TRUE
"P89.W74","y","a","a",FALSE
"P89.W75","a","a","a",TRUE
"P89.W76","n","n","n",TRUE
"P89.W77","n","a","n",FALSE
"P89.W78","a","a","n",FALSE
"P89.W79","a","a","a",TRUE
"P89.W81","a","a","a",TRUE
"P89.W83","a","a","a",TRUE
"P89.W85","a","a","a",TRUE
"P89.W86","a","a","a",TRUE
"P89.W93","n","a","n",FALSE
"P89.W94","a","a","a",TRUE
"P89.W95","y","a","a",FALSE
"P90.W01","a","y","a",FALSE
"P90.W02","n","a","n",FALSE
"P90.W03","a","a","a",TRUE
"P90.W06","n","n","a",FALSE
"P90.W08","n","n","n",TRUE
"P90.W10","n","n","n",TRUE
"P90.W12","n","n","n",TRUE
"P90.W15","a","a","a",TRUE
"P90.W16","a","a","a",TRUE
"P90.W17","a","a","n",FALSE
"P90.W18","n","n","n",TRUE
"P90.W20","a","n","a",FALSE
"P90.W21","a","a","a",TRUE
"P90.W23","a","n","a",FALSE
"P90.W25","a","a","a",TRUE
"P90.W26","n","a","a",FALSE
"P90.W31","a","a","a",TRUE
"P90.W32","y","y","a",FALSE
"P90.W35","a","a","a",TRUE
"P90.W37","a","a","a",TRUE
"P90.W39","a","a","a",TRUE
"P90.W45","a","a","a",TRUE
"P90.W47","n","n","n",TRUE
"P90.W50","n","a","n",FALSE
"P90.W53","a","a","a",TRUE
"P90.W54","n","n","n",TRUE
"P90.W56","n","n","n",TRUE
"P90.W58","a","a","n",FALSE
"P90.W60","a","a","a",TRUE
"P90.W62","n","n","n",TRUE
"P90.W65","a","a","a",TRUE
"P90.W68","a","a","a",TRUE
"P90.W69","a","n","a",FALSE
"P90.W71","n","a","a",FALSE
"P90.W72","a","y","a",FALSE
"P90.W74","y","a","a",FALSE
"P90.W77","a","n","n",FALSE
"P90.W80","a","a","a",TRUE
"P90.W81","a","a","a",TRUE
"P90.W85","a","n","n",FALSE
"P90.W86","a","a","a",TRUE
"P90.W89","a","a","a",TRUE
"P90.W92","a","a","a",TRUE
"P90.W95","a","a","a",TRUE
"P91.W05","y","a","a",FALSE
"P91.W06","a","a","n",FALSE
"P91.W07","y","a","a",FALSE
"P91.W08","y","y","a",FALSE
"P91.W14","a","a","a",TRUE
"P91.W15","y","a","a",FALSE
"P91.W25","a","a","a",TRUE
"P91.W26","a","a","a",TRUE
"P91.W34","y","a","a",FALSE
"P91.W38","a","a","a",TRUE
"P91.W40","a","a","a",TRUE
"P91.W50","a","a","a",TRUE
"P91.W53","y","y","a",FALSE
"P91.W63","a","a","a",TRUE
"P91.W65","a","a","a",TRUE
"P91.W67","a","a","a",TRUE
"P91.W68","a","a","a",TRUE
"P91.W69","y","a","a",FALSE
"P91.W76","a","a","a",TRUE
"P91.W78","a","a","a",TRUE
"P91.W82","y","y","a",FALSE
"P91.W83","y","a","a",FALSE
"P91.W84","n","n","n",TRUE
"P91.W87","y","a","a",FALSE
"P91.W88","a","a","a",TRUE
"P91.W89","y","a","a",FALSE
"P91.W91","y","a","a",FALSE
"P91.W92","y","a","a",FALSE
"P91.W96","a","a","a",TRUE
"P92.W03","n","n","n",TRUE
"P92.W05","y","a","a",FALSE
"P92.W07","a","a","a",TRUE
"P92.W08","y","a","a",FALSE
"P92.W13","y","y","a",FALSE
"P92.W17","a","a","a",TRUE
"P92.W23","a","a","a",TRUE
"P92.W28","a","a","a",TRUE
"P92.W35","a","a","a",TRUE
"P92.W39","a","y","a",FALSE
"P92.W45","a","a","a",TRUE
"P92.W46","a","a","a",TRUE
"P92.W56","y","y","a",FALSE
"P92.W63","a","y","a",FALSE
"P92.W67","y","a","a",FALSE
"P92.W75","y","y","a",FALSE
"P92.W76","a","a","a",TRUE
"P92.W78","a","a","a",TRUE
"P92.W92","a","a","a",TRUE
"P92.W96","y","a","a",FALSE
"P93.W05","y","y","a",FALSE
"P93.W06","a","a","a",TRUE
"P93.W07","a","a","a",TRUE
"P93.W15","y","a","a",FALSE
"P93.W27","a","a","a",TRUE
"P93.W34","a","a","a",TRUE
"P93.W35","a","a","a",TRUE
"P93.W39","y","a","a",FALSE
"P93.W44","y","a","a",FALSE
"P93.W45","a","a","a",TRUE
"P93.W46","a","a","a",TRUE
"P93.W62","a","a","a",TRUE
"P93.W63","a","a","a",TRUE
"P93.W65","a","a","a",TRUE
"P93.W77","a","a","a",TRUE
"P93.W78","a","a","a",TRUE
"P93.W92","a","a","n",FALSE
"P93.W96","a","a","a",TRUE
"P94.W02","a","a","a",TRUE
"P94.W05","y","a","a",FALSE
"P94.W10","a","a","n",FALSE
"P94.W15","a","a","a",TRUE
"P94.W17","n","a","a",FALSE
"P94.W18","a","a","n",FALSE
"P94.W24","y","a","a",FALSE
"P94.W25","a","a","a",TRUE
"P94.W27","a","a","a",TRUE
"P94.W34","y","a","a",FALSE
"P94.W40","a","y","a",FALSE
"P94.W45","a","a","a",TRUE
"P94.W63","a","a","a",TRUE
"P94.W65","a","a","a",TRUE
"P94.W67","a","a","a",TRUE
"P94.W76","y","a","a",FALSE
"P94.W78","a","a","a",TRUE
"P94.W92","a","a","a",TRUE
"P94.W96","a","a","a",TRUE
"P95.W03","n","n","a",FALSE
"P95.W05","a","y","a",FALSE
"P95.W07","a","a","a",TRUE
"P95.W09","a","a","a",TRUE
"P95.W10","a","a","n",FALSE
"P95.W11","a","y","a",FALSE
"P95.W13","a","a","a",TRUE
"P95.W17","a","a","a",TRUE
"P95.W18","a","a","n",FALSE
"P95.W19","a","a","a",TRUE
"P95.W22","a","a","a",TRUE
"P95.W23","a","a","a",TRUE
"P95.W24","a","a","a",TRUE
"P95.W25","a","a","a",TRUE
"P95.W26","a","a","n",FALSE
"P95.W28","a","a","a",TRUE
"P95.W29","a","a","a",TRUE
"P95.W30","a","n","n",FALSE
"P95.W32","a","a","a",TRUE
"P95.W34","a","a","a",TRUE
"P95.W35","a","a","a",TRUE
"P95.W38","n","a","n",FALSE
"P95.W39","a","a","a",TRUE
"P95.W41","a","a","a",TRUE
"P95.W44","a","n","n",FALSE
"P95.W47","a","a","n",FALSE
"P95.W50","a","a","n",FALSE
"P95.W51","a","a","a",TRUE
"P95.W52","a","a","a",TRUE
"P95.W53","a","a","a",TRUE
"P95.W55","a","a","a",TRUE
"P95.W57","y","a","a",FALSE
"P95.W59","y","a","a",FALSE
"P95.W61","a","n","n",FALSE
"P95.W65","y","y","a",FALSE
"P95.W66","a","a","a",TRUE
"P95.W68","y","a","a",FALSE
"P95.W69","a","a","a",TRUE
"P95.W73","a","a","a",TRUE
"P95.W74","a","a","a",TRUE
"P95.W75","n","n","n",TRUE
"P95.W76","a","a","a",TRUE
"P95.W78","a","a","n",FALSE
"P95.W79","y","y","a",FALSE
"P95.W80","a","a","a",TRUE
"P95.W82","a","a","a",TRUE
"P95.W88","a","a","a",TRUE
"P95.W89","a","a","a",TRUE
"P95.W90","y","a","a",FALSE
"P95.W95","a","a","a",TRUE
"P95.W96","a","a","a",TRUE
